"Ngày","Lần cuối","Mở","Cao","Thấp","% Thay đổi"
"21/11/2025","3.004","3.000","3.004","3.000","0.13%"
"20/11/2025","3.000","2.984","3.000","2.984","0.57%"
"19/11/2025","2.983","2.983","2.983","2.983","0.00%"
"18/11/2025","2.983","2.983","2.983","2.983","0.00%"
"17/11/2025","2.983","2.983","2.983","2.983","0.00%"
"14/11/2025","2.983","2.983","2.983","2.983","0.00%"
"13/11/2025","2.983","2.979","2.983","2.979","0.13%"
"12/11/2025","2.979","2.979","2.979","2.979","0.00%"
"11/11/2025","2.979","2.979","2.979","2.979","0.00%"
"10/11/2025","2.979","2.938","2.979","2.938","1.40%"
"07/11/2025","2.938","2.933","2.938","2.933","0.17%"
"06/11/2025","2.933","2.933","2.933","2.933","0.00%"
"05/11/2025","2.933","2.933","2.933","2.933","-0.03%"
"04/11/2025","2.934","2.934","2.934","2.934","0.03%"
"03/11/2025","2.933","2.933","2.933","2.933","0.00%"
"31/10/2025","2.933","2.933","2.933","2.933","0.00%"
"30/10/2025","2.933","2.933","2.933","2.933","0.00%"
"29/10/2025","2.933","2.933","2.933","2.933","0.00%"
"28/10/2025","2.933","2.933","2.933","2.933","0.00%"
"27/10/2025","2.933","2.933","2.933","2.933","0.00%"
"24/10/2025","2.933","2.925","2.933","2.925","0.27%"
"23/10/2025","2.925","2.925","2.925","2.925","0.00%"
"22/10/2025","2.925","2.908","2.925","2.908","0.58%"
"21/10/2025","2.908","2.908","2.908","2.908","0.00%"
"20/10/2025","2.908","2.892","2.908","2.892","0.55%"
"17/10/2025","2.892","2.888","2.892","2.888","0.14%"
"16/10/2025","2.888","2.871","2.888","2.871","0.59%"
"15/10/2025","2.871","2.871","2.871","2.871","0.00%"
"14/10/2025","2.871","2.871","2.871","2.871","0.00%"
"13/10/2025","2.871","2.871","2.871","2.871","-0.03%"
"10/10/2025","2.872","2.872","2.872","2.872","0.03%"
"09/10/2025","2.871","2.854","2.871","2.854","0.60%"
"08/10/2025","2.854","2.854","2.854","2.854","0.00%"
"07/10/2025","2.854","2.854","2.854","2.854","0.00%"
"06/10/2025","2.854","2.854","2.854","2.854","0.00%"
"03/10/2025","2.854","2.854","2.854","2.854","-0.04%"
"02/10/2025","2.855","2.839","2.855","2.839","0.56%"
"01/10/2025","2.839","2.839","2.839","2.839","0.04%"
"30/09/2025","2.838","2.838","2.838","2.838","-0.04%"
"29/09/2025","2.839","2.839","2.839","2.839","0.04%"
"26/09/2025","2.838","2.838","2.838","2.838","-0.04%"
"25/09/2025","2.839","2.839","2.839","2.839","0.32%"
"24/09/2025","2.830","2.830","2.830","2.830","-0.04%"
"23/09/2025","2.831","2.831","2.831","2.831","0.04%"
"22/09/2025","2.830","2.819","2.830","2.819","0.39%"
"19/09/2025","2.819","2.819","2.819","2.819","0.00%"
"18/09/2025","2.819","2.810","2.819","2.810","0.32%"
"17/09/2025","2.810","2.810","2.810","2.810","0.00%"
"16/09/2025","2.810","2.811","2.811","2.810","-0.07%"
"15/09/2025","2.812","2.810","2.812","2.810","0.04%"
"12/09/2025","2.811","2.811","2.811","2.811","0.00%"
"11/09/2025","2.811","2.807","2.811","2.807","0.14%"
"10/09/2025","2.807","2.807","2.807","2.807","0.00%"
"09/09/2025","2.807","2.799","2.807","2.799","0.29%"
"08/09/2025","2.799","2.799","2.799","2.799","0.00%"
"05/09/2025","2.799","2.799","2.799","2.799","0.00%"
"04/09/2025","2.799","2.783","2.799","2.783","0.57%"
"03/09/2025","2.783","2.783","2.783","2.783","0.04%"
"02/09/2025","2.782","2.782","2.782","2.782","0.00%"
"01/09/2025","2.782","2.782","2.782","2.782","0.00%"
"29/08/2025","2.782","2.770","2.782","2.770","0.40%"
"28/08/2025","2.771","2.761","2.771","2.761","0.33%"
"27/08/2025","2.762","2.757","2.762","2.757","0.15%"
"26/08/2025","2.758","2.721","2.758","2.721","1.36%"
"25/08/2025","2.721","2.687","2.721","2.687","1.27%"
"22/08/2025","2.687","2.687","2.687","2.687","-0.04%"
"21/08/2025","2.688","2.655","2.688","2.655","1.24%"
"20/08/2025","2.655","2.647","2.655","2.647","0.30%"
"19/08/2025","2.647","2.643","2.647","2.643","0.15%"
"18/08/2025","2.643","2.634","2.643","2.634","0.34%"
"15/08/2025","2.634","2.605","2.634","2.605","1.07%"
"14/08/2025","2.606","2.552","2.606","2.552","2.12%"
"13/08/2025","2.552","2.531","2.552","2.531","0.79%"
"12/08/2025","2.532","2.538","2.538","2.532","-0.24%"
"11/08/2025","2.538","2.547","2.547","2.538","-0.35%"
"08/08/2025","2.547","2.544","2.547","2.544","0.08%"
"07/08/2025","2.545","2.489","2.545","2.489","2.25%"
"06/08/2025","2.489","2.489","2.489","2.489","0.00%"
"05/08/2025","2.489","2.489","2.489","2.489","0.00%"
"04/08/2025","2.489","2.489","2.489","2.489","0.00%"
"01/08/2025","2.489","2.486","2.489","2.486","0.40%"
"31/07/2025","2.479","2.479","2.479","2.479","0.16%"
"30/07/2025","2.475","2.475","2.475","2.475","0.00%"
"29/07/2025","2.475","2.458","2.475","2.458","0.69%"
"28/07/2025","2.458","2.458","2.458","2.458","0.00%"
"25/07/2025","2.458","2.458","2.458","2.458","0.61%"
"24/07/2025","2.443","2.413","2.443","2.413","1.24%"
"23/07/2025","2.413","2.413","2.413","2.413","0.00%"
"22/07/2025","2.413","2.413","2.413","2.413","0.00%"
"21/07/2025","2.413","2.413","2.413","2.413","0.00%"
"18/07/2025","2.413","2.413","2.413","2.413","-0.04%"
"17/07/2025","2.414","2.350","2.414","2.350","2.68%"
"16/07/2025","2.351","2.347","2.351","2.347","0.17%"
"15/07/2025","2.347","2.347","2.347","2.347","0.00%"
"14/07/2025","2.347","2.409","2.409","2.347","-2.57%"
"11/07/2025","2.409","2.339","2.409","2.339","2.99%"
"10/07/2025","2.339","2.326","2.339","2.326","0.52%"
"09/07/2025","2.327","2.327","2.327","2.327","-0.17%"
"08/07/2025","2.331","2.327","2.331","2.327","0.17%"
"07/07/2025","2.327","2.327","2.327","2.327","0.00%"
"04/07/2025","2.327","2.327","2.327","2.327","0.00%"
"03/07/2025","2.327","2.327","2.327","2.327","-0.04%"
"02/07/2025","2.328","2.328","2.328","2.328","0.04%"
"01/07/2025","2.327","2.327","2.327","2.327","-0.04%"
"30/06/2025","2.328","2.319","2.328","2.319","0.39%"
"27/06/2025","2.319","2.319","2.319","2.319","-0.04%"
"26/06/2025","2.320","2.320","2.320","2.320","0.00%"
"25/06/2025","2.320","2.316","2.320","2.316","0.17%"
"24/06/2025","2.316","2.316","2.316","2.316","0.00%"
"23/06/2025","2.316","2.316","2.316","2.316","0.00%"
"20/06/2025","2.316","2.307","2.316","2.307","0.35%"
"19/06/2025","2.308","2.308","2.308","2.308","0.04%"
"18/06/2025","2.307","2.307","2.307","2.307","1.23%"
"17/06/2025","2.279","2.279","2.279","2.279","0.00%"
"16/06/2025","2.279","2.279","2.279","2.279","0.00%"
"13/06/2025","2.279","2.279","2.279","2.279","0.00%"
"12/06/2025","2.279","2.279","2.279","2.279","-0.04%"
"11/06/2025","2.280","2.280","2.280","2.280","0.00%"
"10/06/2025","2.280","2.280","2.280","2.280","0.00%"
"09/06/2025","2.280","2.280","2.280","2.280","-0.04%"
"06/06/2025","2.281","2.268","2.281","2.268","0.53%"
"05/06/2025","2.269","2.269","2.269","2.269","0.04%"
"04/06/2025","2.268","2.264","2.268","2.264","0.18%"
"03/06/2025","2.264","2.264","2.264","2.264","0.00%"
"02/06/2025","2.264","2.264","2.264","2.264","0.00%"
"30/05/2025","2.264","2.252","2.264","2.252","0.53%"
"29/05/2025","2.252","2.248","2.252","2.248","0.18%"
"28/05/2025","2.248","2.248","2.248","2.248","0.00%"
"27/05/2025","2.248","2.248","2.248","2.248","0.00%"
"26/05/2025","2.248","2.248","2.248","2.248","-0.04%"
"23/05/2025","2.249","2.240","2.249","2.240","0.40%"
"22/05/2025","2.240","2.239","2.240","2.239","0.04%"
"21/05/2025","2.239","2.239","2.239","2.239","0.04%"
"20/05/2025","2.238","2.238","2.238","2.238","-0.04%"
"19/05/2025","2.239","2.239","2.239","2.239","0.00%"
"16/05/2025","2.239","2.239","2.239","2.239","0.00%"
"15/05/2025","2.239","2.239","2.239","2.239","-0.04%"
"14/05/2025","2.240","2.240","2.240","2.240","0.04%"
"13/05/2025","2.239","2.239","2.239","2.239","-0.04%"
"12/05/2025","2.240","2.240","2.240","2.240","0.00%"
"09/05/2025","2.240","2.240","2.240","2.240","0.00%"
"08/05/2025","2.240","2.240","2.240","2.240","0.00%"
"07/05/2025","2.240","2.235","2.240","2.235","0.22%"
"06/05/2025","2.235","2.235","2.235","2.235","0.00%"
"05/05/2025","2.235","2.235","2.235","2.235","0.27%"
"29/04/2025","2.229","2.229","2.229","2.229","0.00%"
"28/04/2025","2.229","2.229","2.229","2.229","0.00%"
"25/04/2025","2.229","2.229","2.229","2.229","0.00%"
"24/04/2025","2.229","2.229","2.229","2.229","0.04%"
"23/04/2025","2.228","2.228","2.228","2.228","-0.04%"
"22/04/2025","2.229","2.229","2.229","2.229","0.00%"
"21/04/2025","2.229","2.229","2.229","2.229","0.00%"
"18/04/2025","2.229","2.229","2.229","2.229","0.00%"
"17/04/2025","2.229","2.229","2.229","2.229","-0.04%"
"16/04/2025","2.230","2.230","2.230","2.230","0.00%"
"15/04/2025","2.230","2.230","2.230","2.230","0.04%"
"14/04/2025","2.229","2.229","2.229","2.229","0.00%"
"11/04/2025","2.229","2.229","2.229","2.229","-0.04%"
"10/04/2025","2.230","2.230","2.230","2.230","0.00%"
"09/04/2025","2.230","2.230","2.230","2.230","0.00%"
"08/04/2025","2.230","2.230","2.230","2.230","0.00%"
"04/04/2025","2.230","2.230","2.230","2.230","0.00%"
"03/04/2025","2.230","2.230","2.230","2.230","0.36%"
"02/04/2025","2.222","2.222","2.222","2.222","0.00%"
"01/04/2025","2.222","2.222","2.222","2.222","0.00%"
"31/03/2025","2.222","2.222","2.222","2.222","0.00%"
"28/03/2025","2.222","2.222","2.222","2.222","0.00%"
"27/03/2025","2.222","2.222","2.222","2.222","0.00%"
"26/03/2025","2.222","2.222","2.222","2.222","0.00%"
"25/03/2025","2.222","2.222","2.222","2.222","0.00%"
"24/03/2025","2.222","2.222","2.222","2.222","0.00%"
"21/03/2025","2.222","2.222","2.222","2.222","-0.04%"
"20/03/2025","2.223","2.223","2.223","2.223","0.00%"
"19/03/2025","2.223","2.231","2.231","2.223","-0.36%"
"18/03/2025","2.231","2.231","2.231","2.231","0.00%"
"17/03/2025","2.231","2.231","2.231","2.231","0.00%"
"14/03/2025","2.231","2.231","2.231","2.231","-0.04%"
"13/03/2025","2.232","2.232","2.232","2.232","2.29%"
"12/03/2025","2.182","2.232","2.232","2.232","-2.24%"
"11/03/2025","2.232","2.232","2.232","2.232","0.00%"
"10/03/2025","2.232","2.232","2.232","2.232","0.00%"
"07/03/2025","2.232","2.246","2.246","2.232","-0.58%"
"06/03/2025","2.245","2.233","2.245","2.233","0.54%"
"05/03/2025","2.233","2.236","2.236","2.233","-0.13%"
"04/03/2025","2.236","2.236","2.236","2.236","0.00%"
"03/03/2025","2.236","2.236","2.236","2.236","0.13%"
"28/02/2025","2.233","2.238","2.238","2.233","-0.22%"
"27/02/2025","2.238","2.238","2.238","2.238","-0.04%"
"26/02/2025","2.239","2.239","2.239","2.239","0.04%"
"25/02/2025","2.238","2.238","2.238","2.238","-0.04%"
"24/02/2025","2.239","2.239","2.239","2.239","0.00%"
"21/02/2025","2.239","2.239","2.239","2.239","0.04%"
"20/02/2025","2.238","2.238","2.238","2.238","-0.04%"
"19/02/2025","2.239","2.239","2.239","2.239","0.00%"
"18/02/2025","2.239","2.239","2.239","2.239","0.00%"
"17/02/2025","2.239","2.234","2.239","2.234","0.22%"
"14/02/2025","2.234","2.230","2.234","2.230","0.18%"
"13/02/2025","2.230","2.197","2.230","2.197","1.46%"
"12/02/2025","2.198","2.193","2.198","2.193","0.23%"
"11/02/2025","2.193","2.180","2.193","2.180","0.55%"
"10/02/2025","2.181","2.181","2.181","2.181","0.05%"
"07/02/2025","2.180","2.180","2.180","2.180","0.00%"
"06/02/2025","2.180","2.180","2.180","2.180","0.00%"
"05/02/2025","2.180","2.180","2.180","2.180","-0.05%"
"04/02/2025","2.181","2.172","2.181","2.172","0.37%"
"03/02/2025","2.173","2.173","2.173","2.173","2.40%"
"31/01/2025","2.122","2.122","2.122","2.122","0.00%"
"30/01/2025","2.122","2.122","2.122","2.122","0.00%"
"29/01/2025","2.122","2.122","2.122","2.122","0.00%"
"28/01/2025","2.122","2.122","2.122","2.122","0.00%"
"27/01/2025","2.122","2.122","2.122","2.122","-2.26%"
"24/01/2025","2.171","2.171","2.171","2.171","0.00%"
"23/01/2025","2.171","2.179","2.179","2.171","-0.41%"
"22/01/2025","2.180","2.180","2.180","2.180","0.00%"
"21/01/2025","2.180","2.180","2.180","2.180","0.00%"
"20/01/2025","2.180","2.180","2.180","2.180","0.00%"
"17/01/2025","2.180","2.180","2.180","2.180","-0.05%"
"16/01/2025","2.181","2.164","2.181","2.164","0.79%"
"15/01/2025","2.164","2.151","2.164","2.151","0.60%"
"14/01/2025","2.151","2.160","2.160","2.151","-0.42%"
"13/01/2025","2.160","2.126","2.160","2.126","1.60%"
"10/01/2025","2.126","2.130","2.130","2.126","-0.19%"
"09/01/2025","2.130","2.130","2.130","2.130","-0.05%"
"08/01/2025","2.131","2.126","2.131","2.126","0.19%"
"07/01/2025","2.127","2.126","2.127","2.126","0.05%"
"06/01/2025","2.126","2.126","2.126","2.126","0.00%"
"03/01/2025","2.126","2.126","2.126","2.126","0.00%"
"02/01/2025","2.126","2.119","2.126","2.119","0.43%"
"31/12/2024","2.117","2.117","2.117","2.117","0.00%"
"30/12/2024","2.117","2.113","2.117","2.113","0.19%"
"27/12/2024","2.113","2.113","2.113","2.113","-0.05%"
"26/12/2024","2.114","2.114","2.114","2.114","0.00%"
"25/12/2024","2.114","2.114","2.114","2.114","0.05%"
"24/12/2024","2.113","2.113","2.113","2.113","-0.05%"
"23/12/2024","2.114","2.084","2.114","2.084","1.44%"
"20/12/2024","2.084","2.064","2.084","2.064","0.97%"
"19/12/2024","2.064","2.021","2.064","2.021","2.13%"
"18/12/2024","2.021","2.017","2.021","2.017","0.20%"
"17/12/2024","2.017","2.017","2.017","2.017","0.00%"
"16/12/2024","2.017","2.005","2.017","2.005","0.60%"
"13/12/2024","2.005","1.997","2.005","1.997","0.40%"
"12/12/2024","1.997","1.993","1.997","1.993","0.20%"
"11/12/2024","1.993","1.991","1.993","1.991","0.10%"
"10/12/2024","1.991","1.988","1.991","1.988","0.15%"
"09/12/2024","1.988","1.988","1.988","1.988","0.00%"
"06/12/2024","1.988","1.982","1.988","1.982","0.30%"
"05/12/2024","1.982","1.979","1.982","1.979","0.15%"
"04/12/2024","1.979","2.000","2.000","1.979","-1.05%"
"03/12/2024","2.000","2.000","2.000","2.000","0.00%"
"02/12/2024","2.000","2.000","2.000","2.000","0.00%"
"29/11/2024","2.000","2.000","2.000","2.000","0.05%"
"28/11/2024","1.999","1.999","1.999","1.999","0.00%"
"27/11/2024","1.999","1.999","1.999","1.999","0.00%"
"26/11/2024","1.999","1.995","1.999","1.995","0.20%"
"25/11/2024","1.995","1.995","1.995","1.995","0.00%"
"22/11/2024","1.995","1.995","1.995","1.995","0.00%"
"21/11/2024","1.995","1.995","1.995","1.995","0.00%"
"20/11/2024","1.995","1.995","1.995","1.995","0.00%"
"19/11/2024","1.995","1.995","1.995","1.995","0.00%"
"18/11/2024","1.995","1.995","1.995","1.995","0.00%"
"15/11/2024","1.995","1.995","1.995","1.995","0.05%"
"14/11/2024","1.994","1.994","1.994","1.994","0.00%"
"13/11/2024","1.994","1.994","1.994","1.994","0.00%"
"12/11/2024","1.994","1.994","1.994","1.994","0.00%"
"11/11/2024","1.994","1.994","1.994","1.994","0.00%"
"08/11/2024","1.994","1.994","1.994","1.994","-0.05%"
"07/11/2024","1.995","1.989","1.995","1.989","0.30%"
"06/11/2024","1.989","1.989","1.989","1.989","0.00%"
"05/11/2024","1.989","1.994","1.994","1.989","-0.25%"
"04/11/2024","1.994","1.994","1.994","1.994","0.00%"
"01/11/2024","1.994","1.994","1.994","1.994","0.10%"
"31/10/2024","1.992","1.992","1.992","1.992","0.00%"
"30/10/2024","1.992","1.992","1.992","1.992","0.00%"
"29/10/2024","1.992","1.992","1.992","1.992","0.00%"
"28/10/2024","1.992","1.992","1.992","1.992","0.00%"
"25/10/2024","1.992","1.992","1.992","1.992","0.00%"
"24/10/2024","1.992","1.992","1.992","1.992","0.00%"
"23/10/2024","1.992","1.992","1.992","1.992","0.00%"
"22/10/2024","1.992","1.992","1.992","1.992","-0.05%"
"21/10/2024","1.993","1.993","1.993","1.993","0.00%"
"18/10/2024","1.993","1.993","1.993","1.993","0.05%"
"17/10/2024","1.992","1.992","1.992","1.992","0.00%"
"16/10/2024","1.992","1.992","1.992","1.992","0.00%"
"15/10/2024","1.992","1.992","1.992","1.992","0.00%"
"14/10/2024","1.992","1.992","1.992","1.992","0.00%"
"11/10/2024","1.992","1.992","1.992","1.992","-0.05%"
"10/10/2024","1.993","1.993","1.993","1.993","0.00%"
"09/10/2024","1.993","1.993","1.993","1.993","0.00%"
"08/10/2024","1.993","1.993","1.993","1.993","0.00%"
"07/10/2024","1.993","1.993","1.993","1.993","0.05%"
"04/10/2024","1.992","1.992","1.992","1.992","-0.25%"
"03/10/2024","1.997","1.997","1.997","1.997","0.00%"
"02/10/2024","1.997","1.997","1.997","1.997","0.00%"
"01/10/2024","1.997","1.997","1.997","1.997","0.00%"
"30/09/2024","1.997","1.997","1.997","1.997","0.00%"
"27/09/2024","1.997","1.997","1.997","1.997","0.00%"
"26/09/2024","1.997","1.997","1.997","1.997","0.05%"
"25/09/2024","1.996","1.996","1.996","1.996","-0.05%"
"24/09/2024","1.997","2.001","2.001","1.997","-0.25%"
"23/09/2024","2.002","2.002","2.002","2.002","0.00%"
"20/09/2024","2.002","2.002","2.002","2.002","0.05%"
"19/09/2024","2.001","2.001","2.001","2.001","-0.25%"
"18/09/2024","2.006","2.006","2.006","2.006","0.00%"
"17/09/2024","2.006","2.009","2.009","2.006","-0.15%"
"16/09/2024","2.009","2.009","2.009","2.009","-0.05%"
"13/09/2024","2.010","2.010","2.010","2.010","0.00%"
"12/09/2024","2.010","2.010","2.010","2.010","0.00%"
"11/09/2024","2.010","2.010","2.010","2.010","0.00%"
"10/09/2024","2.010","2.010","2.010","2.010","0.00%"
"09/09/2024","2.010","2.010","2.010","2.010","0.00%"
"06/09/2024","2.010","2.010","2.010","2.010","0.00%"
"05/09/2024","2.010","2.010","2.010","2.010","0.00%"
"04/09/2024","2.010","2.010","2.010","2.010","0.00%"
"30/08/2024","2.010","2.010","2.010","2.010","0.00%"
"29/08/2024","2.010","2.010","2.010","2.010","0.00%"
"28/08/2024","2.010","2.010","2.010","2.010","0.00%"
"27/08/2024","2.010","2.010","2.010","2.010","-0.05%"
"26/08/2024","2.011","2.011","2.011","2.011","0.00%"
"23/08/2024","2.011","2.011","2.011","2.011","0.05%"
"22/08/2024","2.010","2.010","2.010","2.010","-0.79%"
"21/08/2024","2.026","2.026","2.026","2.026","0.00%"
"20/08/2024","2.026","2.026","2.026","2.026","0.00%"
"19/08/2024","2.026","2.026","2.026","2.026","-0.05%"
"16/08/2024","2.027","2.027","2.027","2.027","0.00%"
"15/08/2024","2.027","2.027","2.027","2.027","0.05%"
"14/08/2024","2.026","2.026","2.026","2.026","-0.05%"
"13/08/2024","2.027","2.027","2.027","2.027","0.00%"
"12/08/2024","2.027","2.027","2.027","2.027","0.00%"
"09/08/2024","2.027","2.027","2.027","2.027","0.00%"
"08/08/2024","2.027","2.027","2.027","2.027","0.00%"
"07/08/2024","2.027","2.027","2.027","2.027","0.00%"
"06/08/2024","2.027","2.027","2.027","2.027","0.00%"
"05/08/2024","2.027","2.027","2.027","2.027","0.00%"
"02/08/2024","2.027","2.027","2.027","2.027","0.00%"
"01/08/2024","2.027","2.027","2.027","2.027","0.15%"
"31/07/2024","2.024","2.024","2.024","2.024","-0.05%"
"30/07/2024","2.025","2.025","2.025","2.025","0.00%"
"29/07/2024","2.025","2.025","2.025","2.025","0.00%"
"26/07/2024","2.025","2.025","2.025","2.025","0.15%"
"25/07/2024","2.022","2.022","2.022","2.022","0.05%"
"24/07/2024","2.021","2.016","2.021","2.016","0.20%"
"23/07/2024","2.017","2.017","2.017","2.017","0.00%"
"22/07/2024","2.017","2.017","2.017","2.017","0.00%"
"19/07/2024","2.017","2.017","2.017","2.017","0.00%"
"18/07/2024","2.017","2.017","2.017","2.017","0.00%"
"17/07/2024","2.017","2.017","2.017","2.017","0.00%"
"16/07/2024","2.017","2.017","2.017","2.017","0.00%"
"15/07/2024","2.017","2.017","2.017","2.017","0.00%"
"12/07/2024","2.017","2.017","2.017","2.017","0.05%"
"11/07/2024","2.016","2.016","2.016","2.016","-0.05%"
"10/07/2024","2.017","2.017","2.017","2.017","0.00%"
"09/07/2024","2.017","2.017","2.017","2.017","0.00%"
"08/07/2024","2.017","2.017","2.017","2.017","0.00%"
"05/07/2024","2.017","2.017","2.017","2.017","0.00%"
"04/07/2024","2.017","2.017","2.017","2.017","0.00%"
"03/07/2024","2.017","2.017","2.017","2.017","0.05%"
"02/07/2024","2.016","2.016","2.016","2.016","-0.05%"
"01/07/2024","2.017","2.017","2.017","2.017","0.00%"
"28/06/2024","2.017","2.017","2.017","2.017","0.00%"
"27/06/2024","2.017","2.017","2.017","2.017","0.00%"
"26/06/2024","2.017","2.009","2.017","2.009","0.45%"
"25/06/2024","2.008","2.008","2.008","2.008","0.00%"
"24/06/2024","2.008","2.008","2.008","2.008","0.00%"
"21/06/2024","2.008","2.008","2.008","2.008","0.00%"
"20/06/2024","2.008","2.008","2.008","2.008","0.00%"
"19/06/2024","2.008","2.008","2.008","2.008","0.00%"
"18/06/2024","2.008","2.008","2.008","2.008","0.00%"
"17/06/2024","2.008","2.008","2.008","2.008","0.05%"
"14/06/2024","2.007","2.013","2.013","2.007","-0.30%"
"13/06/2024","2.013","2.013","2.013","2.013","0.00%"
"12/06/2024","2.013","2.013","2.013","2.013","0.00%"
"11/06/2024","2.013","2.013","2.013","2.013","0.00%"
"10/06/2024","2.013","2.013","2.013","2.013","0.00%"
"07/06/2024","2.013","2.013","2.013","2.013","0.00%"
"06/06/2024","2.013","2.021","2.021","2.013","-0.40%"
"05/06/2024","2.021","2.021","2.021","2.021","0.00%"
"04/06/2024","2.021","2.021","2.021","2.021","0.00%"
"03/06/2024","2.021","2.021","2.021","2.021","0.00%"
"31/05/2024","2.021","2.021","2.021","2.021","-0.05%"
"30/05/2024","2.022","2.022","2.022","2.022","0.05%"
"29/05/2024","2.021","2.021","2.021","2.021","0.00%"
"28/05/2024","2.021","2.021","2.021","2.021","0.00%"
"27/05/2024","2.021","2.021","2.021","2.021","0.00%"
"24/05/2024","2.021","2.013","2.021","2.013","0.40%"
"23/05/2024","2.013","1.971","2.013","1.971","2.08%"
"22/05/2024","1.972","1.972","1.972","1.972","0.05%"
"21/05/2024","1.971","1.971","1.971","1.971","0.00%"
"20/05/2024","1.971","1.971","1.971","1.971","-0.05%"
"17/05/2024","1.972","1.972","1.972","1.972","0.05%"
"16/05/2024","1.971","1.971","1.971","1.971","-0.05%"
"15/05/2024","1.972","1.972","1.972","1.972","0.00%"
"14/05/2024","1.972","1.979","1.979","1.972","-0.40%"
"13/05/2024","1.980","1.980","1.980","1.980","0.00%"
"10/05/2024","1.980","1.980","1.980","1.980","0.00%"
"09/05/2024","1.980","1.980","1.980","1.980","0.00%"
"08/05/2024","1.980","1.980","1.980","1.980","-0.85%"
"07/05/2024","1.997","1.997","1.997","1.997","0.00%"
"06/05/2024","1.997","1.997","1.997","1.997","-0.40%"
"03/05/2024","2.005","2.005","2.005","2.005","0.00%"
"02/05/2024","2.005","2.005","2.005","2.005","5.19%"
"01/05/2024","1.906","1.906","1.906","1.906","0.00%"
"30/04/2024","1.906","1.906","1.906","1.906","0.00%"
"29/04/2024","1.906","1.906","1.906","1.906","-4.92%"
"26/04/2024","2.004","2.004","2.004","2.004","0.00%"
"25/04/2024","2.004","2.004","2.004","2.004","0.00%"
"24/04/2024","2.004","1.988","2.004","1.988","0.80%"
"23/04/2024","1.988","1.988","1.988","1.988","0.00%"
"22/04/2024","1.988","1.988","1.988","1.988","0.00%"
"19/04/2024","1.988","1.975","1.988","1.975","5.72%"
"18/04/2024","1.880","1.880","1.880","1.880","-4.98%"
"17/04/2024","1.979","1.975","1.979","1.975","0.20%"
"16/04/2024","1.975","1.942","1.975","1.942","1.70%"
"15/04/2024","1.942","1.942","1.942","1.942","0.21%"
"12/04/2024","1.938","1.938","1.938","1.938","0.00%"
"11/04/2024","1.938","1.925","1.938","1.925","0.68%"
"10/04/2024","1.925","1.925","1.925","1.925","-2.14%"
"09/04/2024","1.967","1.963","1.967","1.963","0.20%"
"08/04/2024","1.963","1.963","1.963","1.963","2.19%"
"05/04/2024","1.921","1.921","1.921","1.921","0.00%"
"04/04/2024","1.921","1.921","1.921","1.921","0.00%"
"03/04/2024","1.921","1.824","1.921","1.824","5.26%"
"02/04/2024","1.825","1.758","1.825","1.758","3.81%"
"01/04/2024","1.758","1.721","1.758","1.721","2.21%"
"29/03/2024","1.720","1.708","1.720","1.708","0.70%"
"28/03/2024","1.708","1.646","1.708","1.646","3.77%"
"27/03/2024","1.646","1.583","1.646","1.583","3.98%"
"26/03/2024","1.583","1.579","1.583","1.579","0.25%"
"25/03/2024","1.579","1.579","1.579","1.579","3.27%"
"22/03/2024","1.529","1.529","1.529","1.529","-0.59%"
"21/03/2024","1.538","1.529","1.538","1.529","0.65%"
"20/03/2024","1.528","1.517","1.528","1.517","0.73%"
"19/03/2024","1.517","1.483","1.517","1.483","2.29%"
"18/03/2024","1.483","1.483","1.483","1.483","0.54%"
"15/03/2024","1.475","1.467","1.475","1.467","0.55%"
"14/03/2024","1.467","1.467","1.467","1.467","0.00%"
"13/03/2024","1.467","1.463","1.467","1.463","0.27%"
"12/03/2024","1.463","1.438","1.463","1.438","1.67%"
"11/03/2024","1.439","1.439","1.439","1.439","0.70%"
"08/03/2024","1.429","1.383","1.429","1.383","3.25%"
"07/03/2024","1.384","1.384","1.384","1.384","2.44%"
"06/03/2024","1.351","1.351","1.351","1.351","0.00%"
"05/03/2024","1.351","1.359","1.359","1.351","-0.59%"
"04/03/2024","1.359","1.359","1.359","1.359","0.00%"
"01/03/2024","1.359","1.359","1.359","1.359","0.07%"
"29/02/2024","1.358","1.342","1.358","1.342","1.19%"
"28/02/2024","1.342","1.358","1.358","1.342","-1.18%"
"27/02/2024","1.358","1.358","1.358","1.358","0.00%"
"26/02/2024","1.358","1.358","1.358","1.358","0.00%"
"23/02/2024","1.358","1.342","1.358","1.342","1.12%"
"22/02/2024","1.343","1.343","1.343","1.343","2.28%"
"21/02/2024","1.313","1.313","1.313","1.313","-0.08%"
"20/02/2024","1.314","1.314","1.314","1.314","0.00%"
"19/02/2024","1.314","1.314","1.314","1.314","0.00%"
"16/02/2024","1.314","1.354","1.354","1.292","1.70%"
"15/02/2024","1.292","1.354","1.354","1.292","3.03%"
"14/02/2024","1.254","1.254","1.254","1.254","0.00%"
"13/02/2024","1.254","1.254","1.254","1.254","0.00%"
"12/02/2024","1.254","1.254","1.254","1.254","0.00%"
"09/02/2024","1.254","1.254","1.254","1.254","0.00%"
"08/02/2024","1.254","1.254","1.254","1.254","-7.45%"
"07/02/2024","1.355","1.355","1.355","1.355","0.00%"
"06/02/2024","1.355","1.355","1.355","1.355","0.00%"
"05/02/2024","1.355","1.355","1.355","1.355","0.00%"
"02/02/2024","1.355","1.355","1.355","1.355","-0.07%"
"01/02/2024","1.356","1.356","1.356","1.356","0.07%"
"31/01/2024","1.355","1.355","1.355","1.355","0.07%"
"30/01/2024","1.354","1.354","1.354","1.354","0.00%"
"29/01/2024","1.354","1.354","1.354","1.354","0.00%"
"26/01/2024","1.354","1.354","1.354","1.354","-0.37%"
"25/01/2024","1.359","1.359","1.359","1.359","-0.66%"
"24/01/2024","1.368","1.368","1.368","1.368","-0.58%"
"23/01/2024","1.376","1.375","1.376","1.375","0.07%"
"22/01/2024","1.375","1.375","1.375","1.375","-0.07%"
"19/01/2024","1.376","1.376","1.376","1.376","0.00%"
"18/01/2024","1.376","1.376","1.376","1.376","0.00%"
"17/01/2024","1.376","1.376","1.376","1.376","-2.96%"
"16/01/2024","1.418","1.550","1.550","1.418","-8.52%"
"15/01/2024","1.550","1.700","1.700","1.550","-8.82%"
"12/01/2024","1.700","1.708","1.708","1.700","-0.47%"
"11/01/2024","1.708","1.738","1.738","1.708","-0.52%"
"10/01/2024","1.717","1.738","1.738","1.717","-1.21%"
"09/01/2024","1.738","1.775","1.775","1.738","-0.91%"
"08/01/2024","1.754","1.775","1.775","1.754","-1.18%"
"05/01/2024","1.775","1.764","1.775","1.764","0.62%"
"04/01/2024","1.764","1.764","1.764","1.764","0.00%"
"03/01/2024","1.764","1.769","1.769","1.764","-0.28%"
"02/01/2024","1.769","1.778","1.778","1.769","5.45%"
"01/01/2024","1.678","1.678","1.678","1.678","-5.65%"
"29/12/2023","1.778","1.778","1.778","1.778","0.06%"
"28/12/2023","1.777","1.777","1.777","1.777","-0.06%"
"27/12/2023","1.778","1.778","1.778","1.778","0.06%"
"26/12/2023","1.777","1.777","1.777","1.777","0.00%"
"25/12/2023","1.777","1.783","1.783","1.777","-0.28%"
"22/12/2023","1.782","1.782","1.782","1.782","0.00%"
"21/12/2023","1.782","1.778","1.782","1.778","0.22%"
"20/12/2023","1.778","1.783","1.783","1.778","-0.22%"
"19/12/2023","1.782","1.798","1.798","1.782","-0.67%"
"18/12/2023","1.794","1.798","1.798","1.794","-0.22%"
"15/12/2023","1.798","1.798","1.798","1.798","-0.28%"
"14/12/2023","1.803","1.803","1.803","1.743","-3.01%"
"13/12/2023","1.859","1.859","1.859","1.859","0.00%"
"12/12/2023","1.859","1.859","1.859","1.859","0.00%"
"11/12/2023","1.859","1.859","1.859","1.859","0.00%"
"08/12/2023","1.859","1.859","1.859","1.859","-0.48%"
"07/12/2023","1.868","1.868","1.868","1.868","-0.27%"
"06/12/2023","1.873","1.873","1.873","1.873","0.00%"
"05/12/2023","1.873","1.873","1.873","1.873","0.00%"
"04/12/2023","1.873","1.873","1.873","1.873","0.00%"
"01/12/2023","1.873","1.873","1.873","1.873","0.00%"
"30/11/2023","1.873","1.873","1.873","1.873","-0.48%"
"29/11/2023","1.882","1.882","1.882","1.882","-0.05%"
"28/11/2023","1.883","1.883","1.883","1.883","-0.42%"
"27/11/2023","1.891","1.891","1.891","1.891","0.00%"
"24/11/2023","1.891","1.891","1.891","1.891","-0.94%"
"23/11/2023","1.909","1.909","1.909","1.909","0.05%"
"22/11/2023","1.908","1.908","1.908","1.908","-0.16%"
"21/11/2023","1.911","1.911","1.911","1.911","-0.83%"
"20/11/2023","1.927","1.927","1.927","1.927","-0.72%"
"17/11/2023","1.941","1.941","1.941","1.941","0.00%"
"16/11/2023","1.941","1.941","1.941","1.941","-0.72%"
"15/11/2023","1.955","1.955","1.955","1.955","0.00%"
"14/11/2023","1.955","1.955","1.955","1.955","0.00%"
"13/11/2023","1.955","1.955","1.955","1.955","-1.36%"
"10/11/2023","1.982","1.982","1.982","1.982","0.00%"
"09/11/2023","1.982","1.982","1.982","1.982","0.71%"
"08/11/2023","1.968","1.968","1.968","1.968","-1.35%"
"07/11/2023","1.995","1.995","1.995","1.995","0.61%"
"06/11/2023","1.983","1.983","1.983","1.983","-1.29%"
"03/11/2023","2.009","2.009","2.009","2.009","-0.05%"
"02/11/2023","2.010","2.010","2.010","2.010","0.05%"
"01/11/2023","2.009","2.009","2.009","2.009","-0.45%"
"31/10/2023","2.018","2.018","2.018","2.018","-0.05%"
"30/10/2023","2.019","2.019","2.019","2.019","1.10%"
"27/10/2023","1.997","1.997","1.997","1.997","-0.45%"
"26/10/2023","2.006","2.006","2.006","2.006","-0.05%"
"25/10/2023","2.007","2.007","2.007","2.007","-1.23%"
"24/10/2023","2.032","2.032","2.032","2.032","-0.05%"
"23/10/2023","2.033","2.033","2.033","2.033","0.30%"
"20/10/2023","2.027","2.027","2.027","2.027","0.20%"
"19/10/2023","2.023","2.023","2.023","2.023","2.02%"
"18/10/2023","1.983","1.983","1.983","1.983","0.05%"
"17/10/2023","1.982","1.982","1.982","1.982","-0.05%"
"16/10/2023","1.983","1.983","1.983","1.983","-0.05%"
"13/10/2023","1.984","1.984","1.984","1.984","1.59%"
"12/10/2023","1.953","1.953","1.953","1.953","-1.26%"
"11/10/2023","1.978","1.978","1.978","1.978","-0.45%"
"10/10/2023","1.987","1.987","1.987","1.987","2.48%"
"09/10/2023","1.939","1.939","1.939","1.939","-1.52%"
"06/10/2023","1.969","1.969","1.969","1.969","0.92%"
"05/10/2023","1.951","1.951","1.951","1.951","0.67%"
"04/10/2023","1.938","1.938","1.938","1.938","0.47%"
"03/10/2023","1.929","1.929","1.929","1.929","1.15%"
"02/10/2023","1.907","1.906","1.907","1.906","0.05%"
"29/09/2023","1.906","1.906","1.906","1.906","0.32%"
"28/09/2023","1.900","1.900","1.900","1.900","0.00%"
"27/09/2023","1.900","1.900","1.900","1.900","0.00%"
"26/09/2023","1.900","1.900","1.900","1.900","0.00%"
"25/09/2023","1.900","1.900","1.900","1.900","0.00%"
"22/09/2023","1.900","1.900","1.900","1.900","0.00%"
"21/09/2023","1.900","1.900","1.900","1.900","0.00%"
"20/09/2023","1.900","1.900","1.900","1.900","-0.05%"
"19/09/2023","1.901","1.901","1.901","1.901","0.00%"
"18/09/2023","1.901","1.901","1.901","1.901","0.00%"
"15/09/2023","1.901","1.901","1.901","1.901","-0.21%"
"14/09/2023","1.905","1.905","1.905","1.905","0.00%"
"13/09/2023","1.905","1.905","1.905","1.905","-0.26%"
"12/09/2023","1.910","1.910","1.910","1.910","-0.21%"
"11/09/2023","1.914","1.914","1.914","1.914","-0.05%"
"08/09/2023","1.915","1.915","1.915","1.915","-0.57%"
"07/09/2023","1.926","1.926","1.926","1.926","0.52%"
"06/09/2023","1.916","1.916","1.916","1.916","0.00%"
"05/09/2023","1.916","1.916","1.916","1.916","5.62%"
"04/09/2023","1.814","1.814","1.814","1.814","0.00%"
"01/09/2023","1.814","1.814","1.814","1.814","-5.22%"
"31/08/2023","1.914","1.914","1.914","1.914","0.00%"
"30/08/2023","1.914","1.914","1.914","1.914","0.00%"
"29/08/2023","1.914","1.914","1.914","1.914","0.00%"
"28/08/2023","1.914","1.914","1.914","1.914","-0.05%"
"25/08/2023","1.915","1.915","1.915","1.915","0.05%"
"24/08/2023","1.914","1.914","1.914","1.914","-0.47%"
"23/08/2023","1.923","1.923","1.923","1.923","0.00%"
"22/08/2023","1.923","1.923","1.923","1.923","0.00%"
"21/08/2023","1.923","1.923","1.923","1.923","0.00%"
"18/08/2023","1.923","1.923","1.923","1.923","-0.47%"
"17/08/2023","1.932","1.932","1.932","1.932","0.26%"
"16/08/2023","1.927","1.927","1.927","1.927","0.47%"
"15/08/2023","1.918","1.918","1.918","1.918","0.00%"
"14/08/2023","1.918","1.918","1.918","1.918","0.42%"
"11/08/2023","1.910","1.910","1.910","1.910","0.00%"
"10/08/2023","1.910","1.910","1.910","1.910","-0.68%"
"09/08/2023","1.923","1.923","1.923","1.923","0.94%"
"08/08/2023","1.905","1.905","1.905","1.905","0.00%"
"07/08/2023","1.905","1.905","1.905","1.905","-0.21%"
"04/08/2023","1.909","1.909","1.909","1.909","-0.47%"
"03/08/2023","1.918","1.918","1.918","1.918","-0.26%"
"02/08/2023","1.923","1.923","1.923","1.923","0.00%"
"01/08/2023","1.923","1.923","1.923","1.923","0.00%"
"31/07/2023","1.923","1.923","1.923","1.923","0.00%"
"28/07/2023","1.923","1.923","1.923","1.923","0.00%"
"27/07/2023","1.923","1.923","1.923","1.923","-0.93%"
"26/07/2023","1.941","1.941","1.941","1.941","-0.46%"
"25/07/2023","1.950","1.950","1.950","1.950","0.00%"
"24/07/2023","1.950","1.950","1.950","1.950","0.00%"
"21/07/2023","1.950","1.950","1.950","1.950","-0.46%"
"20/07/2023","1.959","1.995","1.995","1.959","-1.80%"
"19/07/2023","1.995","2.027","2.027","1.995","-1.58%"
"18/07/2023","2.027","2.027","2.027","2.027","0.00%"
"17/07/2023","2.027","2.032","2.032","2.027","-0.25%"
"14/07/2023","2.032","2.041","2.041","2.032","-0.44%"
"13/07/2023","2.041","2.134","2.134","2.041","-4.36%"
"12/07/2023","2.134","2.260","2.260","2.134","-5.58%"
"11/07/2023","2.260","2.337","2.337","2.260","-3.29%"
"10/07/2023","2.337","2.329","2.337","2.329","0.34%"
"07/07/2023","2.329","2.333","2.333","2.329","-0.13%"
"06/07/2023","2.332","2.324","2.332","2.324","0.39%"
"05/07/2023","2.323","2.332","2.332","2.323","-0.43%"
"04/07/2023","2.333","2.333","2.333","2.333","0.00%"
"03/07/2023","2.333","2.336","2.336","2.333","-0.13%"
"30/06/2023","2.336","2.336","2.336","2.336","0.00%"
"29/06/2023","2.336","2.336","2.336","2.336","0.00%"
"28/06/2023","2.336","2.336","2.336","2.336","0.00%"
"27/06/2023","2.336","2.336","2.336","2.336","0.00%"
"26/06/2023","2.336","2.327","2.336","2.327","0.39%"
"23/06/2023","2.327","2.345","2.345","2.327","-0.77%"
"22/06/2023","2.345","2.368","2.368","2.345","-0.97%"
"21/06/2023","2.368","2.377","2.377","2.368","-0.38%"
"20/06/2023","2.377","2.405","2.405","2.377","-1.16%"
"19/06/2023","2.405","2.418","2.418","2.405","-0.54%"
"16/06/2023","2.418","2.418","2.418","2.418","-2.93%"
"15/06/2023","2.491","2.551","2.551","2.491","-2.31%"
"14/06/2023","2.550","2.568","2.568","2.550","-0.74%"
"13/06/2023","2.569","2.614","2.614","2.569","-1.72%"
"12/06/2023","2.614","2.614","2.614","2.614","-0.15%"
"09/06/2023","2.618","2.659","2.659","2.618","-1.54%"
"08/06/2023","2.659","2.659","2.659","2.659","0.00%"
"07/06/2023","2.659","2.668","2.668","2.659","-0.34%"
"06/06/2023","2.668","2.673","2.673","2.668","-0.19%"
"05/06/2023","2.673","2.673","2.673","2.673","0.00%"
"02/06/2023","2.673","2.696","2.696","2.673","-0.85%"
"01/06/2023","2.696","2.701","2.701","2.696","-0.15%"
"31/05/2023","2.700","2.709","2.709","2.700","-0.33%"
"30/05/2023","2.709","2.715","2.715","2.709","-0.18%"
"29/05/2023","2.714","2.714","2.714","2.714","1.00%"
"26/05/2023","2.687","2.687","2.687","2.687","0.86%"
"25/05/2023","2.664","2.660","2.664","2.660","0.19%"
"24/05/2023","2.659","2.655","2.659","2.655","0.15%"
"23/05/2023","2.655","2.655","2.655","2.655","0.00%"
"22/05/2023","2.655","2.655","2.655","2.655","-0.49%"
"19/05/2023","2.668","2.650","2.668","2.650","0.64%"
"18/05/2023","2.651","2.648","2.651","2.648","0.04%"
"17/05/2023","2.650","2.648","2.650","2.648","0.04%"
"16/05/2023","2.649","2.685","2.685","2.649","-1.34%"
"15/05/2023","2.685","2.673","2.685","2.673","0.45%"
"12/05/2023","2.673","2.677","2.677","2.673","-0.15%"
"11/05/2023","2.677","2.683","2.683","2.677","-0.19%"
"10/05/2023","2.682","2.683","2.683","2.682","-0.04%"
"09/05/2023","2.683","2.714","2.714","2.683","-1.14%"
"08/05/2023","2.714","2.714","2.714","2.714","-1.34%"
"05/05/2023","2.751","2.815","2.815","2.751","-2.27%"
"04/05/2023","2.815","2.790","2.815","2.790","4.82%"
"03/05/2023","2.685","2.685","2.685","2.685","-0.02%"
"02/05/2023","2.686","2.687","2.687","2.686","0.00%"
"01/05/2023","2.687","2.687","2.687","2.687","-3.57%"
"28/04/2023","2.786","2.773","2.786","2.773","0.51%"
"27/04/2023","2.772","2.902","2.902","2.772","-4.51%"
"26/04/2023","2.903","2.901","2.903","2.901","0.07%"
"25/04/2023","2.901","2.943","2.943","2.901","-1.39%"
"24/04/2023","2.942","2.942","2.942","2.942","0.14%"
"21/04/2023","2.938","2.938","2.938","2.938","0.00%"
"20/04/2023","2.938","2.938","2.938","2.938","1.59%"
"19/04/2023","2.892","2.963","2.963","2.892","-2.40%"
"18/04/2023","2.963","2.947","2.963","2.947","0.51%"
"17/04/2023","2.948","2.948","2.948","2.948","0.17%"
"14/04/2023","2.943","2.943","2.943","2.943","0.00%"
"13/04/2023","2.943","2.943","2.943","2.943","0.00%"
"12/04/2023","2.943","2.948","2.948","2.943","-0.17%"
"11/04/2023","2.948","2.926","2.948","2.926","0.79%"
"10/04/2023","2.925","2.925","2.925","2.925","-3.37%"
"07/04/2023","3.027","3.007","3.027","3.007","0.63%"
"06/04/2023","3.008","2.925","3.008","2.925","2.84%"
"05/04/2023","2.925","3.051","3.051","2.925","-4.13%"
"04/04/2023","3.051","3.045","3.051","3.045","0.20%"
"03/04/2023","3.045","3.045","3.045","3.045","-3.88%"
"31/03/2023","3.168","3.368","3.368","3.168","-5.94%"
"30/03/2023","3.368","3.509","3.509","3.368","-4.02%"
"29/03/2023","3.509","3.537","3.537","3.509","-0.79%"
"28/03/2023","3.537","3.564","3.564","3.537","-0.76%"
"27/03/2023","3.564","3.564","3.564","3.564","-1.63%"
"24/03/2023","3.623","3.645","3.645","3.623","-0.60%"
"23/03/2023","3.645","3.793","3.793","3.645","-3.90%"
"22/03/2023","3.793","3.816","3.816","3.793","-0.60%"
"21/03/2023","3.816","3.838","3.838","3.816","-0.57%"
"20/03/2023","3.838","3.843","3.843","3.838","-0.13%"
"17/03/2023","3.843","3.846","3.846","3.843","-0.08%"
"16/03/2023","3.846","3.846","3.846","3.846","-3.78%"
"15/03/2023","3.997","3.997","3.997","3.997","-0.10%"
"14/03/2023","4.001","4.001","4.001","4.001","-0.55%"
"13/03/2023","4.023","4.023","4.023","4.023","-0.69%"
"10/03/2023","4.051","4.051","4.051","4.051","0.00%"
"09/03/2023","4.051","4.051","4.051","4.051","-0.12%"
"08/03/2023","4.056","4.056","4.056","4.056","0.12%"
"07/03/2023","4.051","4.051","4.051","4.051","-0.10%"
"06/03/2023","4.055","4.055","4.055","4.055","0.00%"
"03/03/2023","4.055","4.055","4.055","4.055","-0.02%"
"02/03/2023","4.056","4.056","4.056","4.056","0.02%"
"01/03/2023","4.055","4.056","4.056","4.055","-0.02%"
"28/02/2023","4.056","4.056","4.056","4.056","-0.12%"
"27/02/2023","4.061","4.061","4.061","4.061","0.10%"
"24/02/2023","4.057","4.057","4.057","4.057","0.25%"
"23/02/2023","4.047","4.047","4.047","4.047","0.05%"
"22/02/2023","4.045","4.045","4.045","4.045","0.32%"
"21/02/2023","4.032","4.032","4.032","4.032","0.57%"
"20/02/2023","4.009","4.009","4.009","4.009","0.45%"
"17/02/2023","3.991","3.991","3.991","3.991","0.00%"
"16/02/2023","3.991","3.991","3.991","3.991","0.25%"
"15/02/2023","3.981","3.981","3.981","3.981","0.00%"
"14/02/2023","3.981","3.995","3.995","3.981","-0.35%"
"13/02/2023","3.995","3.974","3.995","3.974","0.53%"
"10/02/2023","3.974","4.008","4.008","3.974","-0.85%"
"09/02/2023","4.008","4.013","4.013","4.008","-0.12%"
"08/02/2023","4.013","4.022","4.022","4.013","-0.22%"
"07/02/2023","4.022","4.017","4.022","4.017","0.12%"
"06/02/2023","4.017","4.002","4.017","4.002","0.37%"
"03/02/2023","4.002","4.018","4.018","4.002","-0.40%"
"02/02/2023","4.018","4.177","4.177","4.018","-3.81%"
"01/02/2023","4.177","4.491","4.491","4.177","-6.99%"
"31/01/2023","4.491","4.564","4.564","4.491","-1.60%"
"30/01/2023","4.564","4.600","4.600","4.564","-0.78%"
"27/01/2023","4.600","4.636","4.636","4.600","1.41%"
"26/01/2023","4.536","4.536","4.536","4.536","0.00%"
"25/01/2023","4.536","4.536","4.536","4.536","0.00%"
"24/01/2023","4.536","4.536","4.536","4.536","0.00%"
"23/01/2023","4.536","4.536","4.536","4.536","0.00%"
"20/01/2023","4.536","4.536","4.536","4.536","-2.16%"
"19/01/2023","4.636","4.636","4.636","4.636","-0.11%"
"18/01/2023","4.641","4.641","4.641","4.641","-1.15%"
"17/01/2023","4.695","4.695","4.695","4.695","-0.21%"
"16/01/2023","4.705","4.705","4.705","4.705","0.00%"
"13/01/2023","4.705","4.705","4.705","4.705","-0.49%"
"12/01/2023","4.728","4.728","4.728","4.728","-1.81%"
"11/01/2023","4.815","4.815","4.815","4.815","-0.08%"
"10/01/2023","4.819","4.819","4.819","4.819","-0.39%"
"09/01/2023","4.838","4.838","4.838","4.838","-0.39%"
"06/01/2023","4.857","4.857","4.857","4.857","-0.16%"
"05/01/2023","4.865","4.865","4.865","4.865","-0.45%"
"04/01/2023","4.887","4.887","4.887","4.887","0.08%"
"03/01/2023","4.883","4.887","4.887","4.883","2.02%"
"02/01/2023","4.786","4.786","4.786","4.786","-2.04%"
"30/12/2022","4.886","4.886","4.886","4.886","-0.10%"
"29/12/2022","4.891","4.891","4.891","4.891","-0.71%"
"28/12/2022","4.926","4.926","4.926","4.926","0.00%"
"27/12/2022","4.926","4.926","4.926","4.926","0.00%"
"26/12/2022","4.926","4.926","4.926","4.926","0.22%"
"23/12/2022","4.915","4.926","4.926","4.915","-0.49%"
"22/12/2022","4.939","4.939","4.939","4.939","-0.10%"
"21/12/2022","4.944","4.944","4.944","4.944","0.00%"
"20/12/2022","4.944","4.944","4.944","4.944","-0.18%"
"19/12/2022","4.953","4.953","4.953","4.953","-0.06%"
"16/12/2022","4.956","4.956","4.956","4.956","0.00%"
"15/12/2022","4.956","4.956","4.956","4.956","-0.02%"
"14/12/2022","4.957","4.957","4.957","4.957","0.00%"
"13/12/2022","4.957","4.957","4.957","4.957","0.00%"
"12/12/2022","4.957","4.957","4.957","4.957","0.00%"
"09/12/2022","4.957","4.957","4.957","4.957","-0.02%"
"08/12/2022","4.958","4.958","4.958","4.958","-0.18%"
"07/12/2022","4.967","4.967","4.967","4.967","-0.06%"
"06/12/2022","4.970","4.970","4.970","4.970","0.00%"
"05/12/2022","4.970","4.970","4.970","4.970","-0.18%"
"02/12/2022","4.979","4.979","4.979","4.979","0.00%"
"01/12/2022","4.979","4.979","4.979","4.979","0.00%"
"30/11/2022","4.979","4.979","4.979","4.979","0.00%"
"29/11/2022","4.979","4.979","4.979","4.979","0.06%"
"28/11/2022","4.976","4.976","4.976","4.976","-0.04%"
"25/11/2022","4.978","4.978","4.978","4.978","0.00%"
"24/11/2022","4.978","4.978","4.978","4.978","0.14%"
"23/11/2022","4.971","4.971","4.971","4.971","0.00%"
"22/11/2022","4.971","4.971","4.971","4.971","0.00%"
"21/11/2022","4.971","4.971","4.971","4.971","-0.10%"
"18/11/2022","4.976","4.976","4.976","4.976","0.00%"
"17/11/2022","4.976","4.976","4.976","4.976","0.00%"
"16/11/2022","4.976","4.976","4.976","4.976","-0.06%"
"15/11/2022","4.979","4.979","4.979","4.979","-0.44%"
"14/11/2022","5.001","5.001","5.001","5.001","-0.44%"
"11/11/2022","5.023","5.023","5.023","5.023","0.08%"
"10/11/2022","5.019","5.019","5.019","5.019","-0.12%"
"09/11/2022","5.025","5.025","5.025","5.025","-0.14%"
"08/11/2022","5.032","5.032","5.032","5.032","-0.04%"
"07/11/2022","5.034","5.034","5.034","5.034","0.04%"
"04/11/2022","5.032","5.032","5.032","5.032","0.18%"
"03/11/2022","5.023","5.023","5.023","5.023","0.16%"
"02/11/2022","5.015","5.015","5.015","5.015","0.18%"
"01/11/2022","5.006","5.006","5.006","5.006","0.02%"
"31/10/2022","5.005","5.005","5.005","5.005","0.10%"
"28/10/2022","5.000","5.000","5.000","5.000","-0.18%"
"27/10/2022","5.009","5.009","5.009","5.009","0.46%"
"26/10/2022","4.986","4.986","4.986","4.986","0.26%"
"25/10/2022","4.973","4.973","4.973","4.973","1.20%"
"24/10/2022","4.914","4.914","4.914","4.914","-0.08%"
"21/10/2022","4.918","4.918","4.918","4.918","0.47%"
"20/10/2022","4.895","4.885","4.895","4.885","0.47%"
"19/10/2022","4.872","4.882","4.882","4.872","-0.47%"
"18/10/2022","4.895","4.895","4.895","4.895","-1.27%"
"17/10/2022","4.958","4.958","4.958","4.958","-0.12%"
"14/10/2022","4.964","4.964","4.964","4.964","-0.18%"
"13/10/2022","4.973","4.973","4.973","4.973","-0.08%"
"12/10/2022","4.977","4.977","4.977","4.977","0.73%"
"11/10/2022","4.941","4.941","4.941","4.941","-0.28%"
"10/10/2022","4.955","4.955","4.955","4.955","0.06%"
"07/10/2022","4.952","4.952","4.952","4.952","-0.28%"
"06/10/2022","4.966","4.966","4.966","4.966","-0.28%"
"05/10/2022","4.980","4.980","4.980","4.980","1.03%"
"04/10/2022","4.929","4.929","4.929","4.929","3.83%"
"03/10/2022","4.747","4.701","4.747","4.701","0.15%"
"30/09/2022","4.740","4.701","4.740","4.701","0.83%"
"29/09/2022","4.701","4.701","4.701","4.701","-0.68%"
"28/09/2022","4.733","4.733","4.733","4.733","2.87%"
"27/09/2022","4.601","4.601","4.601","4.601","6.58%"
"26/09/2022","4.317","4.317","4.317","4.317","0.40%"
"23/09/2022","4.300","4.300","4.300","4.300","4.44%"
"22/09/2022","4.117","4.117","4.117","4.117","13.89%"
"21/09/2022","3.615","3.615","3.615","3.615","8.56%"
"20/09/2022","3.330","3.330","3.330","3.330","3.61%"
"19/09/2022","3.214","3.214","3.214","3.214","0.66%"
"16/09/2022","3.193","3.193","3.193","3.193","2.57%"
"15/09/2022","3.113","3.113","3.113","3.113","-0.03%"
"14/09/2022","3.114","3.114","3.114","3.114","1.10%"
"13/09/2022","3.080","3.080","3.080","3.080","1.92%"
"12/09/2022","3.022","3.022","3.022","3.022","0.37%"
"09/09/2022","3.011","3.022","3.022","3.022","0.03%"
"08/09/2022","3.010","3.010","3.010","3.010","2.59%"
"07/09/2022","2.934","2.934","2.934","2.934","1.80%"
"06/09/2022","2.882","2.882","2.882","2.882","2.60%"
"05/09/2022","2.809","2.784","2.809","2.784","6.20%"
"02/09/2022","2.645","2.645","2.645","2.645","0.00%"
"01/09/2022","2.645","2.645","2.645","2.645","-3.57%"
"31/08/2022","2.743","2.747","2.747","2.743","-0.15%"
"30/08/2022","2.747","2.747","2.747","2.747","-0.11%"
"29/08/2022","2.750","2.760","2.760","2.750","-0.47%"
"26/08/2022","2.763","2.763","2.763","2.763","-0.14%"
"25/08/2022","2.767","2.767","2.767","2.767","0.47%"
"24/08/2022","2.754","2.767","2.767","2.767","-0.18%"
"23/08/2022","2.759","2.759","2.759","2.759","0.55%"
"22/08/2022","2.744","2.744","2.744","2.744","-0.15%"
"19/08/2022","2.748","2.748","2.748","2.748","0.33%"
"18/08/2022","2.739","2.739","2.739","2.739","-0.04%"
"17/08/2022","2.740","2.740","2.740","2.740","0.44%"
"16/08/2022","2.728","2.728","2.728","2.728","-0.07%"
"15/08/2022","2.730","2.730","2.730","2.730","0.26%"
"12/08/2022","2.723","2.723","2.723","2.723","-0.51%"
"11/08/2022","2.737","2.737","2.737","2.737","-1.19%"
"10/08/2022","2.770","2.761","2.770","2.761","-0.61%"
"09/08/2022","2.787","2.797","2.797","2.787","1.27%"
"08/08/2022","2.752","2.752","2.752","2.752","0.11%"
"05/08/2022","2.749","2.749","2.749","2.749","0.11%"
"04/08/2022","2.746","2.746","2.746","2.746","-0.04%"
"03/08/2022","2.747","2.747","2.747","2.747","0.44%"
"02/08/2022","2.735","2.735","2.735","2.735","0.00%"
"01/08/2022","2.735","2.735","2.735","2.735","-0.04%"
"29/07/2022","2.736","2.736","2.736","2.736","1.15%"
"28/07/2022","2.705","2.705","2.705","2.705","-5.65%"
"27/07/2022","2.867","2.867","2.867","2.867","24.60%"
"26/07/2022","2.301","2.301","2.301","2.301","3.51%"
"25/07/2022","2.223","2.223","2.223","2.223","1.09%"
"22/07/2022","2.199","2.189","2.199","2.189","2.28%"
"21/07/2022","2.150","2.161","2.161","2.150","-1.10%"
"20/07/2022","2.174","2.174","2.174","2.174","-0.96%"
"19/07/2022","2.195","2.195","2.195","2.195","6.66%"
"18/07/2022","2.058","2.058","2.058","2.058","1.63%"
"15/07/2022","2.025","2.025","2.025","2.025","0.30%"
"14/07/2022","2.019","2.019","2.019","2.019","0.40%"
"13/07/2022","2.011","2.011","2.011","2.011","-0.40%"
"12/07/2022","2.019","2.019","2.019","2.019","-0.49%"
"11/07/2022","2.029","2.029","2.029","2.029","-0.88%"
"08/07/2022","2.047","2.047","2.047","2.047","3.70%"
"07/07/2022","1.974","1.974","1.974","1.974","-0.25%"
"06/07/2022","1.979","1.979","1.979","1.979","-2.85%"
"05/07/2022","2.037","1.957","2.037","1.957","5.65%"
"04/07/2022","1.928","1.937","1.937","1.928","-1.23%"
"01/07/2022","1.952","1.990","2.022","1.952","0.10%"
"30/06/2022","1.950","1.950","1.950","1.950","-1.91%"
"29/06/2022","1.988","1.988","1.988","1.988","1.64%"
"28/06/2022","1.956","1.956","1.956","1.956","0.82%"
"27/06/2022","1.940","1.940","1.940","1.940","-0.05%"
"24/06/2022","1.941","1.942","1.942","1.941","-0.05%"
"23/06/2022","1.942","1.942","1.942","1.942","-0.05%"
"22/06/2022","1.943","1.943","1.943","1.943","-0.05%"
"21/06/2022","1.944","1.944","1.944","1.944","-0.05%"
"20/06/2022","1.945","1.945","1.945","1.945","4.74%"
"17/06/2022","1.857","1.857","1.857","1.857","-1.95%"
"16/06/2022","1.894","1.894","1.894","1.894","-2.12%"
"15/06/2022","1.935","1.935","1.935","1.935","0.05%"
"14/06/2022","1.934","1.934","1.934","1.934","0.16%"
"13/06/2022","1.931","1.931","1.931","1.931","3.32%"
"10/06/2022","1.869","1.869","1.869","1.869","-1.32%"
"09/06/2022","1.894","1.894","1.894","1.894","-1.92%"
"08/06/2022","1.931","1.931","1.931","1.931","-0.10%"
"07/06/2022","1.933","1.933","1.933","1.933","0.89%"
"06/06/2022","1.916","1.916","1.916","1.916","-7.66%"
"03/06/2022","2.075","2.075","2.075","2.075","0.73%"
"02/06/2022","2.060","2.060","2.060","2.060","-0.68%"
"01/06/2022","2.074","2.087","2.087","2.074","-0.58%"
"31/05/2022","2.086","2.086","2.086","2.086","-0.76%"
"30/05/2022","2.102","2.102","2.102","2.102","0.72%"
"27/05/2022","2.087","2.087","2.087","2.087","-0.86%"
"26/05/2022","2.105","2.105","2.105","2.105","0.96%"
"25/05/2022","2.085","2.085","2.085","2.085","-0.71%"
"24/05/2022","2.100","2.100","2.100","2.100","-0.43%"
"23/05/2022","2.109","2.109","2.109","2.109","-2.18%"
"20/05/2022","2.156","2.156","2.156","2.156","-0.65%"
"19/05/2022","2.170","2.170","2.170","2.170","-0.46%"
"18/05/2022","2.180","2.180","2.180","2.180","0.00%"
"17/05/2022","2.180","2.180","2.180","2.180","-0.05%"
"16/05/2022","2.181","2.181","2.181","2.181","-0.27%"
"13/05/2022","2.187","2.187","2.187","2.187","0.88%"
"12/05/2022","2.168","2.168","2.168","2.168","2.75%"
"11/05/2022","2.110","2.110","2.110","2.110","1.49%"
"10/05/2022","2.079","2.079","2.079","2.079","0.05%"
"09/05/2022","2.078","2.078","2.078","2.078","3.08%"
"06/05/2022","2.016","2.016","2.016","2.016","-0.10%"
"05/05/2022","2.018","2.018","2.018","2.018","1.51%"
"04/05/2022","1.988","1.988","1.988","1.988","5.41%"
"03/05/2022","1.886","1.886","1.886","1.886","0.00%"
"02/05/2022","1.886","1.886","1.886","1.886","-5.04%"
"29/04/2022","1.986","1.986","1.986","1.986","-0.25%"
"28/04/2022","1.991","1.991","1.991","1.991","-0.10%"
"27/04/2022","1.993","1.993","1.993","1.993","-0.10%"
"26/04/2022","1.995","1.995","1.995","1.995","0.05%"
"25/04/2022","1.994","1.994","1.994","1.994","-0.60%"
"22/04/2022","2.006","2.006","2.006","2.006","2.14%"
"21/04/2022","1.964","1.964","1.964","1.964","-0.66%"
"20/04/2022","1.977","1.977","1.977","1.977","-1.45%"
"19/04/2022","2.006","2.006","2.006","2.006","-5.06%"
"18/04/2022","2.113","2.113","2.113","2.113","1.49%"
"15/04/2022","2.082","2.082","2.082","2.082","-1.37%"
"14/04/2022","2.111","2.111","2.111","2.111","0.38%"
"13/04/2022","2.103","2.103","2.103","2.103","-2.41%"
"12/04/2022","2.155","2.155","2.155","2.155","11.92%"
"11/04/2022","1.926","1.926","1.926","1.926","-4.96%"
"08/04/2022","2.026","2.026","2.026","2.026","0.65%"
"07/04/2022","2.013","2.013","2.013","2.013","4.57%"
"06/04/2022","1.925","1.925","1.925","1.925","9.75%"
"05/04/2022","1.754","1.754","1.754","1.754","0.75%"
"04/04/2022","1.741","1.741","1.741","1.741","0.58%"
"01/04/2022","1.731","1.729","1.731","1.729","0.41%"
"31/03/2022","1.724","1.724","1.724","1.724","5.12%"
"30/03/2022","1.640","1.641","1.641","1.640","-5.75%"
"29/03/2022","1.740","1.740","1.740","1.740","1.16%"
"28/03/2022","1.720","1.720","1.720","1.720","-2.82%"
"25/03/2022","1.770","1.770","1.770","1.770","0.57%"
"24/03/2022","1.760","1.760","1.760","1.760","-0.85%"
"23/03/2022","1.775","1.775","1.775","1.775","-0.28%"
"22/03/2022","1.780","1.780","1.780","1.780","3.85%"
"21/03/2022","1.714","1.714","1.714","1.714","6.00%"
"18/03/2022","1.617","1.617","1.617","1.617","1.00%"
"17/03/2022","1.601","1.601","1.601","1.601","0.00%"
"16/03/2022","1.601","1.601","1.601","1.601","0.00%"
"15/03/2022","1.601","1.601","1.601","1.601","7.09%"
"14/03/2022","1.495","1.495","1.495","1.495","0.67%"
"11/03/2022","1.485","1.485","1.485","1.485","0.68%"
"10/03/2022","1.475","1.475","1.475","1.475","-1.01%"
"09/03/2022","1.490","1.490","1.490","1.490","0.74%"
"08/03/2022","1.479","1.479","1.479","1.479","-0.07%"
"07/03/2022","1.480","1.480","1.480","1.480","-0.34%"
"04/03/2022","1.485","1.485","1.485","1.485","-4.62%"
"03/03/2022","1.557","1.557","1.557","1.557","8.81%"
"02/03/2022","1.431","1.431","1.431","1.431","-2.52%"
"01/03/2022","1.468","1.468","1.468","1.468","6.15%"
"28/02/2022","1.383","1.383","1.383","1.383","8.98%"
"25/02/2022","1.269","1.269","1.269","1.269","17.17%"
"24/02/2022","1.083","1.083","1.083","1.083","4.64%"
"23/02/2022","1.035","1.035","1.035","1.035","1.87%"
"22/02/2022","1.016","1.016","1.016","1.016","0.10%"
"21/02/2022","1.015","1.015","1.015","1.015","1.50%"
"18/02/2022","1.000","1.000","1.000","1.000","8.11%"
"17/02/2022","0.925","0.925","0.925","0.925","11.18%"
"16/02/2022","0.832","0.832","0.832","0.832","9.47%"
"15/02/2022","0.760","0.760","0.760","0.760","3.12%"
"14/02/2022","0.737","0.737","0.737","0.737","2.22%"
"11/02/2022","0.721","0.721","0.721","0.721","2.12%"
"10/02/2022","0.706","0.706","0.706","0.706","0.43%"
"09/02/2022","0.703","0.703","0.703","0.703","8.99%"
"08/02/2022","0.645","0.645","0.645","0.645","1.74%"
"07/02/2022","0.634","0.637","0.637","0.634","20.08%"
"04/02/2022","0.528","0.528","0.528","0.528","0.00%"
"03/02/2022","0.528","0.528","0.528","0.528","0.00%"
"02/02/2022","0.528","0.528","0.528","0.528","0.00%"
"01/02/2022","0.528","0.528","0.528","0.528","0.00%"
"31/01/2022","0.528","0.528","0.528","0.528","-15.92%"
"28/01/2022","0.628","0.628","0.628","0.628","0.00%"
"27/01/2022","0.628","0.628","0.628","0.628","-0.16%"
"26/01/2022","0.629","0.629","0.629","0.629","-2.63%"
"25/01/2022","0.646","0.646","0.646","0.646","1.10%"
"24/01/2022","0.639","0.639","0.639","0.639","-3.62%"
"21/01/2022","0.663","0.663","0.663","0.663","1.22%"
"20/01/2022","0.655","0.655","0.655","0.655","-2.38%"
"19/01/2022","0.671","0.671","0.671","0.671","-4.69%"
"18/01/2022","0.704","0.704","0.704","0.704","-0.14%"
"17/01/2022","0.705","0.705","0.705","0.705","1.15%"
"14/01/2022","0.697","0.697","0.697","0.697","-1.27%"
"13/01/2022","0.706","0.706","0.706","0.706","1.15%"
"12/01/2022","0.698","0.698","0.698","0.698","-0.14%"
"11/01/2022","0.699","0.699","0.699","0.699","-2.92%"
"10/01/2022","0.720","0.720","0.720","0.720","0.00%"
"07/01/2022","0.720","0.720","0.720","0.720","0.00%"
"06/01/2022","0.720","0.720","0.720","0.720","-0.14%"
"05/01/2022","0.721","0.721","0.721","0.721","0.28%"
"04/01/2022","0.719","0.727","0.727","0.719","16.82%"
"03/01/2022","0.615","0.616","0.616","0.615","-13.92%"
"31/12/2021","0.715","0.715","0.715","0.715","0.14%"
"30/12/2021","0.714","0.714","0.714","0.714","-0.14%"
"29/12/2021","0.715","0.715","0.715","0.715","0.00%"
"28/12/2021","0.715","0.715","0.715","0.715","-1.38%"
"27/12/2021","0.725","0.725","0.725","0.725","-1.09%"
"24/12/2021","0.733","0.723","0.733","0.723","6.23%"
"23/12/2021","0.690","0.690","0.690","0.690","1.77%"
"22/12/2021","0.678","0.678","0.678","0.678","3.35%"
"21/12/2021","0.656","0.667","0.667","0.656","-2.09%"
"20/12/2021","0.670","0.680","0.680","0.670","-7.97%"
"17/12/2021","0.728","0.708","0.728","0.708","19.34%"
"16/12/2021","0.610","0.610","0.610","0.610","0.00%"
"15/12/2021","0.610","0.610","0.610","0.610","-2.09%"
"14/12/2021","0.623","0.623","0.623","0.623","-1.58%"
"13/12/2021","0.633","0.633","0.633","0.633","-4.81%"
"10/12/2021","0.665","0.665","0.665","0.665","0.00%"
"09/12/2021","0.665","0.655","0.665","0.655","9.20%"
"08/12/2021","0.609","0.609","0.609","0.609","5.00%"
"07/12/2021","0.580","0.580","0.580","0.580","-1.69%"
"06/12/2021","0.590","0.591","0.591","0.590","-7.52%"
"03/12/2021","0.638","0.627","0.638","0.627","10.00%"
"02/12/2021","0.580","0.580","0.580","0.580","-0.17%"
"01/12/2021","0.581","0.581","0.581","0.581","0.17%"
"30/11/2021","0.580","0.580","0.580","0.580","0.00%"
"29/11/2021","0.580","0.580","0.580","0.580","-0.17%"
"26/11/2021","0.581","0.581","0.581","0.581","0.00%"
"25/11/2021","0.581","0.581","0.581","0.581","0.00%"
"24/11/2021","0.581","0.582","0.582","0.581","-0.17%"
"23/11/2021","0.582","0.582","0.582","0.582","0.00%"
"22/11/2021","0.582","0.583","0.583","0.582","0.00%"
"19/11/2021","0.582","0.582","0.582","0.582","0.00%"
"18/11/2021","0.582","0.582","0.582","0.582","-0.17%"
"17/11/2021","0.583","0.583","0.583","0.583","0.00%"
"16/11/2021","0.583","0.583","0.583","0.583","-0.17%"
"15/11/2021","0.584","0.582","0.584","0.582","0.17%"
"12/11/2021","0.583","0.583","0.583","0.583","0.00%"
"11/11/2021","0.583","0.583","0.583","0.583","0.00%"
"10/11/2021","0.583","0.586","0.586","0.583","-0.51%"
"09/11/2021","0.586","0.587","0.587","0.586","-0.17%"
"08/11/2021","0.587","0.582","0.587","0.582","0.86%"
"05/11/2021","0.582","0.583","0.583","0.582","-0.17%"
"04/11/2021","0.583","0.584","0.584","0.583","-0.17%"
"03/11/2021","0.584","0.584","0.584","0.584","0.17%"
"02/11/2021","0.583","0.584","0.584","0.583","-0.17%"
"01/11/2021","0.584","0.584","0.584","0.584","-0.17%"
"29/10/2021","0.585","0.585","0.585","0.585","0.00%"
"28/10/2021","0.585","0.585","0.585","0.585","-0.17%"
"27/10/2021","0.586","0.586","0.586","0.586","0.17%"
"26/10/2021","0.585","0.585","0.585","0.585","-3.47%"
"25/10/2021","0.606","0.607","0.607","0.606","-0.33%"
"22/10/2021","0.608","0.608","0.608","0.608","0.16%"
"21/10/2021","0.607","0.608","0.608","0.607","-0.16%"
"20/10/2021","0.608","0.608","0.608","0.608","-0.16%"
"19/10/2021","0.609","0.609","0.609","0.609","0.16%"
"18/10/2021","0.608","0.608","0.608","0.608","-0.16%"
"15/10/2021","0.609","0.620","0.620","0.609","-1.62%"
"14/10/2021","0.619","0.619","0.619","0.619","-0.16%"
"13/10/2021","0.620","0.620","0.620","0.620","0.16%"
"12/10/2021","0.619","0.621","0.621","0.619","-0.16%"
"11/10/2021","0.620","0.620","0.620","0.620","-0.32%"
"08/10/2021","0.622","0.612","0.622","0.612","1.63%"
"07/10/2021","0.612","0.613","0.613","0.612","0.00%"
"06/10/2021","0.612","0.612","0.612","0.612","0.00%"
"05/10/2021","0.612","0.613","0.613","0.612","-0.16%"
"04/10/2021","0.613","0.613","0.613","0.613","19.26%"
"03/10/2021","0.514","0.514","0.514","0.514","-16.29%"
"01/10/2021","0.614","0.615","0.615","0.614","-0.16%"
"30/09/2021","0.615","0.615","0.615","0.615","0.00%"
"29/09/2021","0.615","0.615","0.615","0.615","11.41%"
"28/09/2021","0.552","0.552","0.552","0.552","5.34%"
"27/09/2021","0.524","0.524","0.524","0.524","0.77%"
"24/09/2021","0.520","0.501","0.520","0.501","3.79%"
"23/09/2021","0.501","0.501","0.501","0.501","0.00%"
"22/09/2021","0.501","0.501","0.501","0.501","10.35%"
"21/09/2021","0.454","0.464","0.464","0.454","-2.16%"
"20/09/2021","0.464","0.464","0.464","0.464","-0.43%"
"17/09/2021","0.466","0.466","0.466","0.466","0.00%"
"16/09/2021","0.466","0.467","0.467","0.464","0.43%"
"15/09/2021","0.464","0.467","0.467","0.464","-0.85%"
"14/09/2021","0.468","0.468","0.468","0.468","0.00%"
"13/09/2021","0.468","0.468","0.468","0.468","0.00%"
"10/09/2021","0.468","0.468","0.468","0.468","-0.43%"
"09/09/2021","0.470","0.470","0.470","0.470","0.00%"
"08/09/2021","0.470","0.470","0.470","0.470","-0.42%"
"07/09/2021","0.472","0.472","0.472","0.472","0.00%"
"06/09/2021","0.472","0.472","0.472","0.472","26.54%"
"03/09/2021","0.373","0.373","0.373","0.373","0.00%"
"02/09/2021","0.373","0.373","0.373","0.373","-21.14%"
"01/09/2021","0.473","0.473","0.473","0.473","18.25%"
"31/08/2021","0.400","0.400","0.400","0.400","-2.44%"
"30/08/2021","0.410","0.410","0.410","0.410","-0.24%"
"27/08/2021","0.411","0.411","0.411","0.411","0.24%"
"26/08/2021","0.410","0.410","0.410","0.410","0.00%"
"25/08/2021","0.410","0.410","0.410","0.410","0.00%"
"24/08/2021","0.410","0.410","0.410","0.410","0.00%"
"23/08/2021","0.410","0.410","0.410","0.410","0.00%"
"20/08/2021","0.410","0.410","0.410","0.410","-2.61%"
"19/08/2021","0.421","0.421","0.421","0.421","0.24%"
"18/08/2021","0.420","0.420","0.420","0.420","-0.24%"
"17/08/2021","0.421","0.420","0.421","0.420","0.24%"
"16/08/2021","0.420","0.420","0.420","0.420","0.00%"
"13/08/2021","0.420","0.420","0.420","0.420","0.00%"
"12/08/2021","0.420","0.420","0.420","0.420","0.00%"
"11/08/2021","0.420","0.420","0.420","0.420","0.00%"
"10/08/2021","0.420","0.420","0.420","0.420","0.00%"
"09/08/2021","0.420","0.422","0.422","0.420","-0.94%"
"06/08/2021","0.424","0.424","0.424","0.424","-0.24%"
"05/08/2021","0.425","0.414","0.425","0.414","2.66%"
"04/08/2021","0.414","0.394","0.414","0.394","5.34%"
"03/08/2021","0.393","0.393","0.393","0.393","-13.05%"
"02/08/2021","0.452","0.452","0.452","0.452","-0.22%"
"30/07/2021","0.453","0.453","0.453","0.453","0.00%"
"29/07/2021","0.453","0.454","0.454","0.453","-0.22%"
"28/07/2021","0.454","0.455","0.455","0.454","0.00%"
"27/07/2021","0.454","0.455","0.455","0.454","-0.44%"
"26/07/2021","0.456","0.457","0.457","0.456","-0.22%"
"23/07/2021","0.457","0.454","0.457","0.454","0.66%"
"22/07/2021","0.454","0.454","0.454","0.454","0.00%"
"21/07/2021","0.454","0.454","0.454","0.454","0.00%"
"20/07/2021","0.454","0.454","0.454","0.454","-2.16%"
"19/07/2021","0.464","0.464","0.464","0.464","0.00%"
"16/07/2021","0.464","0.461","0.464","0.461","0.00%"
"15/07/2021","0.464","0.462","0.464","0.462","0.00%"
"14/07/2021","0.464","0.462","0.464","0.462","0.22%"
"13/07/2021","0.463","0.463","0.463","0.463","-0.22%"
"12/07/2021","0.464","0.464","0.464","0.464","0.00%"
"09/07/2021","0.464","0.464","0.464","0.464","0.00%"
"08/07/2021","0.464","0.464","0.464","0.464","0.00%"
"07/07/2021","0.464","0.464","0.464","0.464","-3.33%"
"06/07/2021","0.480","0.490","0.490","0.480","-7.69%"
"05/07/2021","0.520","0.520","0.520","0.520","0.00%"
"02/07/2021","0.520","0.520","0.520","0.520","0.00%"
"01/07/2021","0.520","0.520","0.520","0.520","6.12%"
"30/06/2021","0.490","0.490","0.490","0.490","-2.00%"
"29/06/2021","0.500","0.498","0.500","0.498","0.40%"
"28/06/2021","0.498","0.487","0.498","0.487","2.26%"
"25/06/2021","0.487","0.489","0.489","0.487","-0.41%"
"24/06/2021","0.489","0.483","0.489","0.483","1.24%"
"23/06/2021","0.483","0.484","0.484","0.483","-0.21%"
"22/06/2021","0.484","0.496","0.496","0.484","-2.22%"
"21/06/2021","0.495","0.499","0.499","0.495","-0.80%"
"18/06/2021","0.499","0.512","0.512","0.499","-2.54%"
"17/06/2021","0.512","0.510","0.512","0.510","0.39%"
"16/06/2021","0.510","0.510","0.510","0.510","-0.20%"
"15/06/2021","0.511","0.511","0.511","0.511","0.20%"
"14/06/2021","0.510","0.511","0.511","0.510","-0.39%"
"11/06/2021","0.512","0.513","0.513","0.512","-0.19%"
"10/06/2021","0.513","0.513","0.513","0.513","0.20%"
"09/06/2021","0.512","0.514","0.514","0.512","-0.19%"
"08/06/2021","0.513","0.513","0.513","0.513","-0.19%"
"07/06/2021","0.514","0.516","0.516","0.514","-0.39%"
"04/06/2021","0.516","0.517","0.517","0.516","-0.19%"
"03/06/2021","0.517","0.483","0.517","0.483","7.04%"
"02/06/2021","0.483","0.530","0.530","0.483","-8.70%"
"01/06/2021","0.529","0.641","0.641","0.529","-17.60%"
"31/05/2021","0.642","0.602","0.642","0.602","6.82%"
"28/05/2021","0.601","0.632","0.632","0.601","-5.06%"
"27/05/2021","0.633","0.415","0.633","0.415","52.53%"
"26/05/2021","0.415","0.422","0.422","0.415","-1.66%"
"25/05/2021","0.422","0.422","0.422","0.422","0.00%"
"24/05/2021","0.422","0.423","0.423","0.422","-0.24%"
"21/05/2021","0.423","0.424","0.424","0.423","-0.47%"
"20/05/2021","0.425","0.425","0.425","0.425","0.00%"
"19/05/2021","0.425","0.414","0.425","0.414","2.66%"
"18/05/2021","0.414","0.374","0.414","0.374","10.70%"
"17/05/2021","0.374","0.409","0.409","0.374","-8.56%"
"14/05/2021","0.409","0.409","0.409","0.409","0.00%"
"13/05/2021","0.409","0.387","0.409","0.387","5.96%"
"12/05/2021","0.386","0.387","0.387","0.386","-0.52%"
"11/05/2021","0.388","0.388","0.388","0.388","0.00%"
"10/05/2021","0.388","0.390","0.390","0.388","-0.51%"
"07/05/2021","0.390","0.385","0.390","0.385","1.30%"
"06/05/2021","0.385","0.385","0.385","0.385","0.00%"
"05/05/2021","0.385","0.391","0.391","0.385","-1.79%"
"04/05/2021","0.392","0.377","0.392","0.377","41.77%"
"03/05/2021","0.276","0.280","0.280","0.276","-1.07%"
"30/04/2021","0.280","0.280","0.280","0.280","-26.45%"
"29/04/2021","0.380","0.385","0.385","0.380","-1.30%"
"28/04/2021","0.385","0.395","0.395","0.385","-2.28%"
"27/04/2021","0.394","0.377","0.394","0.377","4.51%"
"26/04/2021","0.377","0.377","0.377","0.377","-2.84%"
"23/04/2021","0.388","0.389","0.389","0.388","0.00%"
"22/04/2021","0.388","0.389","0.389","0.388","34.26%"
"21/04/2021","0.289","0.289","0.289","0.289","-25.71%"
"20/04/2021","0.389","0.388","0.389","0.388","0.00%"
"19/04/2021","0.389","0.389","0.389","0.389","-0.26%"
"16/04/2021","0.390","0.390","0.390","0.390","0.00%"
"15/04/2021","0.390","0.409","0.409","0.390","-4.65%"
"14/04/2021","0.409","0.409","0.409","0.409","-0.24%"
"13/04/2021","0.410","0.401","0.410","0.401","2.24%"
"12/04/2021","0.401","0.394","0.401","0.394","2.04%"
"09/04/2021","0.393","0.394","0.394","0.393","-0.51%"
"08/04/2021","0.395","0.395","0.395","0.395","0.25%"
"07/04/2021","0.394","0.395","0.395","0.394","-0.51%"
"06/04/2021","0.396","0.405","0.405","0.396","-2.22%"
"05/04/2021","0.405","0.405","0.405","0.405","1.76%"
"02/04/2021","0.398","0.398","0.398","0.398","0.00%"
"01/04/2021","0.398","0.398","0.398","0.398","14.04%"
"31/03/2021","0.349","0.349","0.349","0.349","0.00%"
"30/03/2021","0.349","0.349","0.349","0.349","0.00%"
"29/03/2021","0.349","0.352","0.352","0.349","-0.57%"
"26/03/2021","0.351","0.347","0.351","0.347","0.86%"
"25/03/2021","0.348","0.348","0.348","0.348","0.00%"
"24/03/2021","0.348","0.359","0.359","0.348","-3.06%"
"23/03/2021","0.359","0.359","0.359","0.359","0.84%"
"22/03/2021","0.356","0.363","0.363","0.356","-1.93%"
"19/03/2021","0.363","0.370","0.370","0.363","-1.89%"
"18/03/2021","0.370","0.366","0.370","0.366","1.09%"
"17/03/2021","0.366","0.375","0.375","0.366","-2.40%"
"16/03/2021","0.375","0.376","0.376","0.375","-0.27%"
"15/03/2021","0.376","0.360","0.376","0.360","4.74%"
"12/03/2021","0.359","0.357","0.359","0.357","0.84%"
"11/03/2021","0.356","0.354","0.356","0.354","0.56%"
"10/03/2021","0.354","0.357","0.357","0.354","-0.84%"
"09/03/2021","0.357","0.354","0.357","0.354","0.85%"
"08/03/2021","0.354","0.354","0.354","0.354","-3.01%"
"05/03/2021","0.365","0.364","0.365","0.364","0.27%"
"04/03/2021","0.364","0.365","0.365","0.364","-0.27%"
"03/03/2021","0.365","0.375","0.375","0.365","-2.41%"
"02/03/2021","0.374","0.373","0.374","0.373","0.27%"
"01/03/2021","0.373","0.375","0.375","0.373","-0.80%"
"26/02/2021","0.376","0.347","0.376","0.347","8.36%"
"25/02/2021","0.347","0.348","0.348","0.347","0.00%"
"24/02/2021","0.347","0.335","0.347","0.335","3.58%"
"23/02/2021","0.335","0.353","0.353","0.335","-5.10%"
"22/02/2021","0.353","0.351","0.359","0.351","-1.67%"
"19/02/2021","0.359","0.351","0.359","0.351","2.28%"
"18/02/2021","0.351","0.359","0.359","0.351","-1.13%"
"17/02/2021","0.355","0.359","0.359","0.355","37.07%"
"16/02/2021","0.259","0.259","0.259","0.259","0.00%"
"15/02/2021","0.259","0.259","0.259","0.259","0.00%"
"12/02/2021","0.259","0.259","0.259","0.259","0.00%"
"11/02/2021","0.259","0.259","0.259","0.259","0.00%"
"10/02/2021","0.259","0.259","0.259","0.259","-27.86%"
"09/02/2021","0.359","0.360","0.360","0.359","-0.28%"
"08/02/2021","0.360","0.356","0.360","0.356","1.12%"
"05/02/2021","0.356","0.356","0.356","0.356","-1.39%"
"04/02/2021","0.361","0.357","0.362","0.357","-0.28%"
"03/02/2021","0.362","0.357","0.362","0.357","1.40%"
"02/02/2021","0.357","0.350","0.357","0.350","2.29%"
"01/02/2021","0.349","0.350","0.350","0.349","8.05%"
"29/01/2021","0.323","0.328","0.328","0.323","-1.82%"
"28/01/2021","0.329","0.322","0.329","0.322","2.17%"
"27/01/2021","0.322","0.328","0.328","0.322","-2.13%"
"26/01/2021","0.329","0.334","0.334","0.329","-1.79%"
"25/01/2021","0.335","0.335","0.335","0.335","-4.01%"
"22/01/2021","0.349","0.350","0.350","0.349","-0.29%"
"21/01/2021","0.350","0.350","0.350","0.350","3.86%"
"20/01/2021","0.337","0.338","0.338","0.337","-0.30%"
"19/01/2021","0.338","0.342","0.342","0.338","-0.88%"
"18/01/2021","0.341","0.349","0.349","0.341","-2.57%"
"15/01/2021","0.350","0.373","0.373","0.350","-6.42%"
"14/01/2021","0.374","0.404","0.404","0.374","-7.43%"
"13/01/2021","0.404","0.407","0.407","0.404","-0.74%"
"12/01/2021","0.407","0.395","0.407","0.395","3.04%"
"11/01/2021","0.395","0.368","0.395","0.368","7.34%"
"08/01/2021","0.368","0.368","0.368","0.365","0.82%"
"07/01/2021","0.365","0.351","0.365","0.351","4.29%"
"06/01/2021","0.350","0.341","0.350","0.341","2.94%"
"05/01/2021","0.340","0.304","0.340","0.304","11.84%"
"04/01/2021","0.304","0.304","0.304","0.304","0.00%"
"31/12/2020","0.304","0.294","0.304","0.294","3.05%"
"30/12/2020","0.295","0.296","0.295","0.295","0.00%"
"29/12/2020","0.295","0.296","0.296","0.295","-0.67%"
"28/12/2020","0.297","0.286","0.297","0.286","3.48%"
"25/12/2020","0.287","0.288","0.288","0.287","0.00%"
"24/12/2020","0.287","0.287","0.287","0.287","0.00%"
"23/12/2020","0.287","0.287","0.287","0.287","-0.35%"
"22/12/2020","0.288","0.289","0.289","0.288","0.00%"
"21/12/2020","0.288","0.289","0.289","0.288","-0.35%"
"18/12/2020","0.289","0.289","0.289","0.289","0.00%"
"17/12/2020","0.289","0.289","0.289","0.289","0.00%"
"16/12/2020","0.289","0.289","0.289","0.289","-0.34%"
"15/12/2020","0.290","0.290","0.290","0.290","0.35%"
"14/12/2020","0.289","0.290","0.290","0.289","-0.34%"
"11/12/2020","0.290","0.290","0.290","0.290","-0.34%"
"10/12/2020","0.291","0.291","0.291","0.291","0.00%"
"09/12/2020","0.291","0.291","0.291","0.291","-0.34%"
"08/12/2020","0.292","0.292","0.292","0.292","0.00%"
"07/12/2020","0.292","0.292","0.292","0.292","0.00%"
"04/12/2020","0.292","0.292","0.292","0.292","-0.34%"
"03/12/2020","0.293","0.293","0.293","0.293","0.00%"
"02/12/2020","0.293","0.293","0.293","0.293","0.00%"
"01/12/2020","0.293","0.293","0.293","0.293","-0.34%"
"30/11/2020","0.294","0.294","0.294","0.294","0.00%"
"27/11/2020","0.294","0.294","0.294","0.294","0.00%"
"26/11/2020","0.294","0.294","0.294","0.294","-0.34%"
"25/11/2020","0.295","0.295","0.295","0.295","0.00%"
"24/11/2020","0.295","0.295","0.295","0.295","-0.34%"
"23/11/2020","0.296","0.296","0.296","0.296","0.00%"
"20/11/2020","0.296","0.296","0.296","0.296","0.00%"
"19/11/2020","0.296","0.297","0.297","0.296","-0.34%"
"18/11/2020","0.297","0.308","0.303","0.297","-1.98%"
"17/11/2020","0.303","0.308","0.308","0.303","-1.62%"
"16/11/2020","0.308","0.309","0.309","0.308","-0.32%"
"13/11/2020","0.309","0.309","0.309","0.309","0.00%"
"12/11/2020","0.309","0.310","0.310","0.309","-0.32%"
"11/11/2020","0.310","0.310","0.310","0.310","0.00%"
"10/11/2020","0.310","0.310","0.310","0.310","-0.32%"
"09/11/2020","0.311","0.311","0.312","0.311","-0.32%"
"06/11/2020","0.312","0.312","0.317","0.312","-1.27%"
"05/11/2020","0.316","0.313","0.316","0.313","0.96%"
"04/11/2020","0.313","0.317","0.317","0.313","-1.26%"
"03/11/2020","0.317","0.314","0.317","0.314","0.96%"
"02/11/2020","0.314","0.315","0.315","0.314","-0.32%"
"30/10/2020","0.315","0.315","0.315","0.315","0.32%"
"29/10/2020","0.314","0.306","0.314","0.306","2.61%"
"28/10/2020","0.306","0.316","0.316","0.306","-3.16%"
"27/10/2020","0.316","0.320","0.320","0.316","-0.94%"
"26/10/2020","0.319","0.318","0.319","0.318","0.31%"
"23/10/2020","0.318","0.318","0.318","0.318","0.00%"
"22/10/2020","0.318","0.322","0.322","0.318","-1.24%"
"21/10/2020","0.322","0.322","0.322","0.321","0.00%"
"20/10/2020","0.322","0.322","0.322","0.322","-0.31%"
"19/10/2020","0.323","0.317","0.323","0.317","1.57%"
"16/10/2020","0.318","0.318","0.318","0.318","0.00%"
"15/10/2020","0.318","0.328","0.328","0.318","-3.05%"
"14/10/2020","0.328","0.328","0.328","0.328","0.00%"
"13/10/2020","0.328","0.329","0.329","0.328","-0.30%"
"12/10/2020","0.329","0.329","0.329","0.329","0.00%"
"09/10/2020","0.329","0.332","0.332","0.329","-1.20%"
"08/10/2020","0.333","0.333","0.333","0.332","0.30%"
"07/10/2020","0.332","0.340","0.340","0.332","-2.35%"
"06/10/2020","0.340","0.332","0.340","0.332","2.41%"
"05/10/2020","0.332","0.322","0.332","0.322","2.79%"
"02/10/2020","0.323","0.361","0.361","0.323","-10.77%"
"01/10/2020","0.362","0.369","0.369","0.362","35.58%"
"30/09/2020","0.267","0.271","0.271","0.267","-1.11%"
"29/09/2020","0.270","0.285","0.285","0.270","-5.26%"
"28/09/2020","0.285","0.391","0.391","0.285","-27.11%"
"25/09/2020","0.391","0.387","0.391","0.387","1.03%"
"24/09/2020","0.387","0.391","0.399","0.387","-1.02%"
"23/09/2020","0.391","0.400","0.400","0.391","-2.01%"
"22/09/2020","0.399","0.410","0.410","0.399","-2.68%"
"21/09/2020","0.410","0.405","0.410","0.405","1.23%"
"18/09/2020","0.405","0.413","0.413","0.405","-1.94%"
"17/09/2020","0.413","0.422","0.422","0.413","-2.36%"
"16/09/2020","0.423","0.423","0.423","0.423","0.48%"
"15/09/2020","0.421","0.412","0.421","0.412","1.94%"
"14/09/2020","0.413","0.422","0.422","0.413","-2.13%"
"11/09/2020","0.422","0.422","0.422","0.422","0.00%"
"10/09/2020","0.422","0.413","0.422","0.413","2.18%"
"09/09/2020","0.413","0.413","0.413","0.413","0.00%"
"08/09/2020","0.413","0.413","0.413","0.413","-0.24%"
"07/09/2020","0.414","0.423","0.423","0.414","-1.66%"
"04/09/2020","0.421","0.416","0.421","0.416","0.96%"
"03/09/2020","0.417","0.417","0.417","0.417","31.96%"
"02/09/2020","0.316","0.316","0.316","0.316","-24.04%"
"01/09/2020","0.416","0.413","0.416","0.413","0.73%"
"31/08/2020","0.413","0.401","0.413","0.401","2.99%"
"28/08/2020","0.401","0.426","0.426","0.401","-5.65%"
"27/08/2020","0.425","0.408","0.425","0.408","4.42%"
"26/08/2020","0.407","0.407","0.407","0.407","-0.25%"
"25/08/2020","0.408","0.408","0.408","0.408","0.00%"
"24/08/2020","0.408","0.407","0.408","0.407","0.25%"
"21/08/2020","0.407","0.417","0.417","0.407","-2.40%"
"20/08/2020","0.417","0.407","0.417","0.407","2.46%"
"19/08/2020","0.407","0.406","0.407","0.406","0.25%"
"18/08/2020","0.406","0.402","0.406","0.402","1.00%"
"17/08/2020","0.402","0.402","0.402","0.402","0.00%"
"14/08/2020","0.402","0.375","0.402","0.375","7.20%"
"13/08/2020","0.375","0.444","0.444","0.375","-15.54%"
"12/08/2020","0.444","0.503","0.503","0.444","-11.73%"
"11/08/2020","0.503","0.498","0.503","0.498","1.00%"
"10/08/2020","0.498","0.504","0.508","0.498","-1.19%"
"07/08/2020","0.504","0.498","0.504","0.494","1.20%"
"06/08/2020","0.498","0.498","0.498","0.498","0.00%"
"05/08/2020","0.498","0.507","0.510","0.498","-1.78%"
"04/08/2020","0.507","0.489","0.507","0.489","3.68%"
"03/08/2020","0.489","0.513","0.513","0.489","-4.68%"
"31/07/2020","0.513","0.513","0.513","0.513","0.00%"
"30/07/2020","0.513","0.510","0.513","0.510","0.59%"
"29/07/2020","0.510","0.510","0.510","0.510","0.00%"
"28/07/2020","0.510","0.501","0.510","0.501","1.80%"
"27/07/2020","0.501","0.501","0.501","0.501","0.00%"
"24/07/2020","0.501","0.505","0.505","0.501","-0.79%"
"23/07/2020","0.505","0.501","0.505","0.501","0.80%"
"22/07/2020","0.501","0.505","0.505","0.501","-0.79%"
"21/07/2020","0.505","0.505","0.505","0.505","0.00%"
"20/07/2020","0.505","0.510","0.510","0.505","-0.98%"
"17/07/2020","0.510","0.505","0.510","0.505","0.99%"
"16/07/2020","0.505","0.528","0.528","0.505","-4.36%"
"15/07/2020","0.528","0.547","0.547","0.528","-3.47%"
"14/07/2020","0.547","0.580","0.580","0.537","-5.69%"
"13/07/2020","0.580","0.580","0.580","0.580","-0.17%"
"10/07/2020","0.581","0.563","0.581","0.563","3.20%"
"09/07/2020","0.563","0.570","0.570","0.563","-1.23%"
"08/07/2020","0.570","0.570","0.570","0.570","0.00%"
"07/07/2020","0.570","0.570","0.570","0.570","0.00%"
"06/07/2020","0.570","0.597","0.597","0.570","-4.52%"
"03/07/2020","0.597","0.597","0.597","0.597","0.17%"
"02/07/2020","0.596","0.596","0.596","0.596","-0.17%"
"01/07/2020","0.597","0.597","0.597","0.597","0.00%"
"30/06/2020","0.597","0.597","0.597","0.597","0.00%"
"29/06/2020","0.597","0.563","0.597","0.563","6.04%"
"26/06/2020","0.563","0.563","0.563","0.563","0.00%"
"25/06/2020","0.563","0.547","0.563","0.547","2.74%"
"24/06/2020","0.548","0.623","0.623","0.548","-12.04%"
"23/06/2020","0.623","0.623","0.623","0.623","0.00%"
"22/06/2020","0.623","0.623","0.623","0.623","0.00%"
"19/06/2020","0.623","0.657","0.657","0.623","-5.18%"
"18/06/2020","0.657","0.707","0.707","0.657","-7.07%"
"17/06/2020","0.707","0.731","0.731","0.707","-3.28%"
"16/06/2020","0.731","0.756","0.756","0.731","-3.18%"
"15/06/2020","0.755","0.773","0.773","0.755","-2.33%"
"12/06/2020","0.773","0.791","0.791","0.773","-2.28%"
"11/06/2020","0.791","0.856","0.856","0.791","-7.59%"
"10/06/2020","0.856","0.818","0.856","0.818","4.65%"
"09/06/2020","0.818","0.925","0.925","0.818","-11.57%"
"08/06/2020","0.925","0.938","0.938","0.925","-1.49%"
"05/06/2020","0.939","0.939","0.939","0.939","-0.42%"
"04/06/2020","0.943","0.944","0.944","0.943","-0.11%"
"03/06/2020","0.944","0.989","0.989","0.944","-4.65%"
"02/06/2020","0.990","0.934","0.990","0.934","5.88%"
"01/06/2020","0.935","0.944","0.944","0.935","-1.06%"
"29/05/2020","0.945","0.970","0.970","0.945","-3.08%"
"28/05/2020","0.975","1.008","1.008","0.975","-3.37%"
"27/05/2020","1.009","1.001","1.009","1.001","0.70%"
"26/05/2020","1.002","1.062","1.062","1.002","-5.74%"
"25/05/2020","1.063","0.998","1.063","0.998","6.41%"
"22/05/2020","0.999","0.945","0.999","0.945","5.27%"
"21/05/2020","0.949","1.262","1.262","0.949","-24.80%"
"20/05/2020","1.262","1.335","1.335","1.262","-5.54%"
"19/05/2020","1.336","1.568","1.568","1.336","-14.74%"
"18/05/2020","1.567","1.585","1.585","1.567","-1.32%"
"15/05/2020","1.588","1.588","1.588","1.588","-0.38%"
"14/05/2020","1.594","1.594","1.594","1.594","0.38%"
"13/05/2020","1.588","1.588","1.588","1.588","0.00%"
"12/05/2020","1.588","1.647","1.647","1.588","-3.64%"
"11/05/2020","1.648","1.705","1.705","1.648","-3.34%"
"08/05/2020","1.705","1.747","1.747","1.705","-2.40%"
"07/05/2020","1.747","1.747","1.747","1.747","-0.06%"
"06/05/2020","1.748","1.819","1.819","1.748","-3.90%"
"05/05/2020","1.819","1.895","1.895","1.819","-4.06%"
"04/05/2020","1.896","1.872","1.896","1.872","6.94%"
"30/04/2020","1.773","1.773","1.773","1.773","-5.34%"
"29/04/2020","1.873","1.860","1.873","1.860","0.64%"
"28/04/2020","1.861","1.875","1.875","1.861","-0.75%"
"27/04/2020","1.875","1.875","1.875","1.875","-4.63%"
"24/04/2020","1.966","2.026","2.026","1.966","-2.96%"
"23/04/2020","2.026","2.102","2.102","2.026","-3.80%"
"22/04/2020","2.106","2.106","2.106","2.106","0.00%"
"21/04/2020","2.106","2.067","2.106","2.067","1.89%"
"20/04/2020","2.067","2.078","2.078","2.067","-0.58%"
"17/04/2020","2.079","2.119","2.119","2.079","-1.89%"
"16/04/2020","2.119","2.247","2.247","2.119","-5.74%"
"15/04/2020","2.248","2.175","2.248","2.175","3.36%"
"14/04/2020","2.175","2.226","2.226","2.175","-2.33%"
"13/04/2020","2.227","2.267","2.267","2.227","-1.76%"
"10/04/2020","2.267","2.191","2.267","2.191","3.37%"
"09/04/2020","2.193","2.149","2.193","2.149","2.00%"
"08/04/2020","2.150","2.326","2.326","2.150","-7.61%"
"07/04/2020","2.327","2.596","2.596","2.327","-10.33%"
"06/04/2020","2.595","2.687","2.687","2.595","-3.42%"
"03/04/2020","2.687","2.722","2.722","2.687","2.44%"
"02/04/2020","2.623","2.623","2.623","2.623","-3.67%"
"01/04/2020","2.723","2.632","2.723","2.632","3.46%"
"31/03/2020","2.632","2.524","2.632","2.524","4.28%"
"30/03/2020","2.524","2.234","2.524","2.234","12.98%"
"27/03/2020","2.234","2.053","2.234","2.053","8.82%"
"26/03/2020","2.053","1.840","2.053","1.840","11.52%"
"25/03/2020","1.841","1.941","1.941","1.841","-5.15%"
"24/03/2020","1.941","2.033","2.033","1.941","-4.57%"
"23/03/2020","2.034","1.845","2.034","1.845","10.24%"
"20/03/2020","1.845","1.829","1.845","1.829","0.82%"
"19/03/2020","1.830","1.689","1.830","1.689","8.35%"
"18/03/2020","1.689","1.652","1.689","1.652","2.49%"
"17/03/2020","1.648","1.648","1.648","1.648","0.00%"
"16/03/2020","1.648","1.630","1.648","1.630","1.17%"
"13/03/2020","1.629","1.610","1.629","1.610","1.12%"
"12/03/2020","1.611","1.625","1.625","1.611","-0.86%"
"11/03/2020","1.625","1.651","1.664","1.625","-1.57%"
"10/03/2020","1.651","1.504","1.651","1.504","9.99%"
"09/03/2020","1.501","1.501","1.501","1.501","0.00%"
"06/03/2020","1.501","1.531","1.531","1.501","-1.96%"
"05/03/2020","1.531","1.597","1.597","1.531","-4.13%"
"04/03/2020","1.597","1.803","1.803","1.597","-11.43%"
"03/03/2020","1.803","1.849","1.849","1.803","-2.49%"
"02/03/2020","1.849","1.849","1.849","1.849","2.10%"
"28/02/2020","1.811","1.882","1.882","1.811","-3.77%"
"27/02/2020","1.882","1.848","1.882","1.848","1.89%"
"26/02/2020","1.847","1.819","1.847","1.819","1.43%"
"25/02/2020","1.821","1.966","1.966","1.821","-7.42%"
"24/02/2020","1.967","1.848","1.967","1.848","6.44%"
"21/02/2020","1.848","1.758","1.848","1.758","5.12%"
"20/02/2020","1.758","1.725","1.758","1.725","1.91%"
"19/02/2020","1.725","1.725","1.725","1.725","-0.75%"
"18/02/2020","1.738","1.738","1.738","1.738","0.00%"
"17/02/2020","1.738","1.778","1.778","1.728","-2.25%"
"14/02/2020","1.778","1.720","1.778","1.720","3.37%"
"13/02/2020","1.720","1.812","1.812","1.720","-5.18%"
"12/02/2020","1.814","1.875","1.875","1.814","-3.25%"
"11/02/2020","1.875","1.887","1.887","1.865","-0.64%"
"10/02/2020","1.887","1.672","1.887","1.672","12.79%"
"07/02/2020","1.673","1.649","1.673","1.649","1.46%"
"06/02/2020","1.649","1.637","1.649","1.637","0.67%"
"05/02/2020","1.638","1.726","1.726","1.638","-4.99%"
"04/02/2020","1.724","1.745","1.745","1.724","-1.20%"
"03/02/2020","1.745","1.515","1.745","1.515","15.18%"
"31/01/2020","1.515","1.360","1.535","1.360","11.40%"
"30/01/2020","1.360","1.235","1.360","1.235","19.30%"
"29/01/2020","1.140","1.140","1.140","1.140","0.00%"
"28/01/2020","1.140","1.140","1.140","1.140","0.00%"
"27/01/2020","1.140","1.140","1.140","1.140","0.00%"
"24/01/2020","1.140","1.140","1.140","1.140","0.00%"
"23/01/2020","1.140","1.140","1.140","1.140","-7.69%"
"22/01/2020","1.235","1.210","1.246","1.210","1.98%"
"21/01/2020","1.211","1.141","1.211","1.141","6.23%"
"20/01/2020","1.140","1.140","1.140","1.140","0.00%"
"17/01/2020","1.140","1.100","1.140","1.100","3.64%"
"16/01/2020","1.100","1.100","1.100","1.100","-0.18%"
"15/01/2020","1.102","1.247","1.247","1.102","-11.63%"
"14/01/2020","1.247","1.278","1.278","1.227","-2.43%"
"13/01/2020","1.278","1.300","1.300","1.278","-1.92%"
"10/01/2020","1.303","1.303","1.303","1.303","0.00%"
"09/01/2020","1.303","1.250","1.303","1.250","4.24%"
"08/01/2020","1.250","1.458","1.458","1.250","-14.27%"
"07/01/2020","1.458","1.470","1.470","1.458","-0.82%"
"06/01/2020","1.470","1.495","1.495","1.470","-1.67%"
"03/01/2020","1.495","1.545","1.545","1.495","-3.24%"
"02/01/2020","1.545","1.482","1.545","1.482","11.23%"
"01/01/2020","1.389","1.389","1.389","1.389","-6.34%"